Company	Page	Sentence	Drop_Reason
Keurig Dr Pepper	1	[COVER] 2024 Report	length
Keurig Dr Pepper	2	03 A LETTER FROM OUR CHIEF EXECUTIVE OFFICER AND CHIEF CORPORATE AFFAIRS & SUSTAINABILITY OFFICER 04 OVERVIEW 06 CLIMATE & NATURE ACTION 07 Strategy 08 2024 Progress 09 Our Work in Action 10 WATER USE & STEWARDSHIP 11 Strategy 12 2024 Progress 13 Our Work in Action 15 PACKAGING & CIRCULAR ECONOMY 16 Strategy 18 2024 Progress 19 Our Work in Action 21 HUMAN RIGHTS, RESPONSIBLE SOURCING & SUPPLY CHAIN LIVELIHOODS 22 Strategy 23 2024 Progress 24 Our Work in Action 25 CONSUMER HEALTH & WELL-BEING 26 Strategy 27 2024 Progress 28 Our Work in Action 29 EMPLOYEE HEALTH, SAFETY & WELL-BEING 30 Strategy 31 2024 Progress 32 Our Work in Action 34 CORPORATE GOVERNANCE & ETHICS 35 Strategy 36 Our Work in Action 38 ABOUT THIS REPORT 39 Glossary 41 Endnotes 42 APPENDIX Table of Contents 2024 KEURIG DR PEPPER IMPACT REPORT 2 Overview Climate & Nature Action Water Use & Stewardship Packaging & Circular Economy Human Rights, Responsible Sourcing & Supply Chain Livelihoods Consumer Health & Well-Being Employee Health, Safety & Well-Being Corporate Governance & Ethics Appendix	length
Keurig Dr Pepper	3	A Letter from our Chief Executive Officer and Chief Corporate Affairs & Sustainability Officer Everything we do at Keurig Dr Pepper (KDP) starts with our purpose.	not_assertion
Keurig Dr Pepper	3	In 2024, we elevated our long-standing platform for corporate responsibility, Drink Well.	not_assertion
Keurig Dr Pepper	3	Do Good., as the ideal characterization of our company’s purpose and a reflection of how and why our 29,000 employees contribute beyond the bottom line.	not_assertion
Keurig Dr Pepper	3	With a vision to offer a beverage for every need, anytime and anywhere, KDP lives that purpose by delivering great brands, great experiences and great impact.	not_assertion
Keurig Dr Pepper	3	KDP Impact is our multi-year social and environmental agenda that supports both our company strategy and our purpose.	not_assertion
Keurig Dr Pepper	3	You will find in the details of this 2024 Impact Report that our efforts are rooted in action, realized through partnerships and measured in results.	not_assertion
Keurig Dr Pepper	3	We have further refined our focus and efforts to those areas of impact where we can create meaningful change as a leading beverage company.	not_assertion
Keurig Dr Pepper	3	We’ll call out a few of the highlights: • We continued to deliver on our commitments to responsibly source our coffee and cocoa — in fact, we were again the largest buyer of Fair Trade USA certified coffee for our owned and partner brands.	not_assertion
Keurig Dr Pepper	3	• We achieved our goal to provide more product choices - 60% of our portfolio now meets our definition of “positive hydration,” — and continued our efforts to reduce added sugar across U.S. Refreshment Beverages — a 7% reduction since 2020.	not_assertion
Keurig Dr Pepper	3	We also unveiled our vision for the future with the Keurig K-Rounds plastic- and aluminum-free coffee pods and Keurig Alta brewer.	not_assertion
Keurig Dr Pepper	3	Going forward, we remain dedicated to continuous improvement — adapting our approach as the landscape evolves and our work progresses.	not_assertion
Keurig Dr Pepper	3	We detail these choices and share our commitments for the future throughout the report.	not_assertion
Keurig Dr Pepper	3	While the landscape and operating context may change, we continue to focus on action and impact where we can uniquely make a difference, whether through our business or through our strong partnerships.	not_assertion
Keurig Dr Pepper	3	As the disruptor in the beverage category, our world class team brings a challenger mindset to our Impact work, as they do across the business.	not_assertion
Keurig Dr Pepper	3	We are always learning and improving — working to make a positive difference on the lives we touch.	not_assertion
Keurig Dr Pepper	3	TIM COFER Chief Executive Officer MONIQUE OXENDER Chief Corporate Affairs & Sustainability Officer DRINK WELL.	not_assertion
Keurig Dr Pepper	3	DO GOOD.	length
Keurig Dr Pepper	3	• Great brands: From familiar favorites to tomorrow’s emerging essentials, we offer more than 125 iconic brands consumers love and trust.	not_assertion
Keurig Dr Pepper	3	• Great experiences: Our beverages enhance life’s drinkable moments — turning a foggy morning into a brighter day, providing a treat at just the right moment and bringing us together with friends and family.	not_assertion
Keurig Dr Pepper	3	• Great impact: We make a positive difference on the lives we touch — our consumers, employees, business partners and communities — all supported by a rich, multi-year social and environmental agenda.	not_assertion
Keurig Dr Pepper	3	2024 KEURIG DR PEPPER IMPACT REPORT 3 Overview Climate & Nature Action Water Use & Stewardship Packaging & Circular Economy Human Rights, Responsible Sourcing & Supply Chain Livelihoods Consumer Health & Well-Being Employee Health, Safety & Well-Being Corporate Governance & Ethics Appendix	navigation
Keurig Dr Pepper	4	Our Company KDP is a leading beverage company in North America, with a portfolio of more than 125 owned, licensed and partner brands and powerful distribution capabilities to provide a beverage for every need, anytime, anywhere.	not_assertion
Keurig Dr Pepper	4	#1 single-serve coffee brewing systems in the U.S. and Canada #1 flavored carbonated soft drinks (CSD) in the U.S. and Canada; #2 in Mexico #2 premium waters in the U.S.; #1 mineral water in Mexico #3 shelf-stable premium ready-to-drink teas in the U.S. #1 apple juice in the U.S.; #1 tomato seafood cocktail in Canada and Mexico #1 mixers in the U.S.; #1 low alcohol cocktail in Canada NORTH AMERICAN CATEGORY LEADERSHIP IN 20241 $15.4B TOTAL NET SALES $9.3B U.S. Refreshment Beverages $4.0B U.S. Coffee $2.1B International STRATEGIC FRAMEWORK Drink Well.	length
Keurig Dr Pepper	4	A beverage for every need, anytime, anywhere Top beverage talent with a challenger mindset Team First • Deliver Big • Think Bold • Be Fearless and Fair Champion consumer-obsessed brand building Shape our now and next portfolio Amplify our route to market advantage Generate fuel for growth Dynamically allocate capital American Opportunity Index Top 100 Employers of Choice CNBC JUST Capital Most Just Companies Dow Jones Best in Class Index Forbes America’s Best Large Employers Mexico Center of Philanthropy (ESR)’s Best Socially Responsible Companies Fortune’s Most Admired Companies Canada’s Top 100 Employers Newsweek America’s Most Responsible Companies TIME World’s Best Companies USA TODAY America’s Climate Leaders 2024 AWARDS & RECOGNITION Our Purpose Our Vision Our Strategies Our Culture 2024 KEURIG DR PEPPER IMPACT REPORT 4 Overview Climate & Nature Action Water Use & Stewardship Packaging & Circular Economy Human Rights, Responsible Sourcing & Supply Chain Livelihoods Consumer Health & Well-Being Employee Health, Safety & Well-Being Corporate Governance & Ethics Appendix	length
Keurig Dr Pepper	5	Rooted in action, realized through partnerships and measured in results, we focus our efforts in the areas where we can contribute to meaningful change.	not_assertion
Keurig Dr Pepper	5	KDP’s seven Key Impact Areas are as follows: • Climate & Nature Action • Water Use & Stewardship • Packaging & Circular Economy • Human Rights, Responsible Sourcing & Supply Chain Livelihoods • Consumer Health & Well-Being • Employee Health, Safety & Well-Being • Corporate Governance & Ethics We are committed to transparency and disclosure of our strategies, programs, progress and governance.	length
Keurig Dr Pepper	5	KDP IMPACT COMMITMENTS We are proud of the significant progress we have made towards a range of goals set six years ago.	not_assertion
Keurig Dr Pepper	5	In calendar year 2025, we have reached a natural and anticipated point of reflection and are evolving our commitments to be even more focused and specific in the areas where we are uniquely positioned to maximize action and impact.	not_assertion
Keurig Dr Pepper	5	Our targets and disclosures are aligned to the recently updated ESG double materiality assessment and acknowledge operational and systemic realities.	methodology
Keurig Dr Pepper	5	See our KDP Impact Commitments Summary for more information.	not_assertion
Keurig Dr Pepper	5	ESG MATERIALITY In 2024, we performed an Environmental, Social and Governance (ESG) double materiality2 analysis using guidance from the European Sustainability Reporting Standards (ESRS) to identify and understand the social and environmental issues that are most important to our organization and stakeholders.	not_assertion
Keurig Dr Pepper	5	The outcome of this process was our ESG materiality matrix, which outlines a total of 25 topic areas that were mapped to over 100 impact, risk and opportunity statements scored by both internal and external stakeholders in relation to importance to the environment and society and impact to the business.	length
Keurig Dr Pepper	5	We supplement this with our up-to-date understanding of our material ESG issues through ongoing dialogue and engagement with key stakeholders as well as continuous monitoring of evolving sustainability issues and macroeconomic events globally.	not_assertion
Keurig Dr Pepper	5	The high impact topics identified in our matrix remain aligned with our KDP Impact Areas and will continue to play a prominent role in our strategies and related programs and policies.	not_assertion
Keurig Dr Pepper	5	We also use these responses to validate priorities and identify gaps while meeting disclosure standards.	not_assertion
Keurig Dr Pepper	5	THE UNITED NATIONS SUSTAINABLE DEVELOPMENT GOALS The UN SDGs were developed to address the global challenges facing our world and represent the transformative power of collective action.	general_statement
Keurig Dr Pepper	5	KDP Impact Areas are aligned with the UN SDGs most relevant to our business.	not_assertion
Keurig Dr Pepper	5	Zero Hunger Good Health and Well-Being Clean Water and Sanitation Decent Work and Economic Growth Responsible Consumption and Production Climate Action Partnerships for the Goals Data Privacy Employee Wellness Freedom of Association & Collective Bargaining Diversity & Inclusion Responsible Marketing Human Rights Deforestation Greenhouse Gas (GHG) Emissions Energy Use/ Renewable Energy Business Continuity/ Resiliency Advocacy & Public Policy Transportation Emissions Regenerative Agriculture Land Use/Land Rights Water Use & Stewardship Pollution Responsible Sourcing Biodiversity Supply Chain Livelihoods Employee Health & Safety Community Development Product Quality & Safety Consumer Health & Well-Being Corporate Governance & Ethics Product Design & Circular Economy Importance & Impact on KDP’s Business Impact of KDP on the Environment, People & Economy 2024 KEURIG DR PEPPER IMPACT REPORT 5 Overview Climate & Nature Action Water Use & Stewardship Packaging & Circular Economy Human Rights, Responsible Sourcing & Supply Chain Livelihoods Consumer Health & Well-Being Employee Health, Safety & Well-Being Corporate Governance & Ethics Appendix	length
Keurig Dr Pepper	6	CLIMATE & NATURE ACTION Climate and nature action is essential for addressing climate change and building resilience for communities and the future of our business.	not_assertion
Keurig Dr Pepper	6	KEY HIGHLIGHTS • Achieved Goal: Engaged bottlers and select suppliers representing 50% of Scope 3 emissions to set a science- based target • 21% reduction in combined Scope 1 and 2 emissions, compared to the 2018 baseline • 85% electricity obtained from renewable sources in 2024 • Increased KDP Canada’s electric fleet inventory to 45 vehicles, representing nearly 20% of our total Canadian fleet • Updated our 2030 GHG emissions-reduction targets validated by the Science-Based Target initiative (SBTi) to align to the Paris Agreement climate change goal of limiting global warming to 1.5ºC above pre-industrial levels • Supported regenerative agriculture and conservation on 129,013 acres of land since 2022, attaining the halfway point of our goal Read more: Goal Methodology & Progress Summary 2024 KEURIG DR PEPPER IMPACT REPORT 6 Overview Climate & Nature Action Water Use & Stewardship Packaging & Circular Economy Human Rights, Responsible Sourcing & Supply Chain Livelihoods Consumer Health & Well-Being Employee Health, Safety & Well-Being Corporate Governance & Ethics Appendix	length
Keurig Dr Pepper	7	Strategy As a leading beverage company, KDP recognizes the risks that climate change presents to people and the planet.	not_assertion
Keurig Dr Pepper	7	Addressing climate change and its impacts on nature is complex and requires scalable systems changes.	general_statement
Keurig Dr Pepper	7	Core to our approach is the use of credible standards, robust disclosures, intentionally designed roadmaps to goals, public policy support and collective action.	general_statement
Keurig Dr Pepper	7	We assess climate change risks most important to our business via a climate scenario analysis and a fleet operations assessment.	not_assertion
Keurig Dr Pepper	7	This helps us identify opportunities and implement climate mitigation measures for the communities and regions in which we operate.	not_assertion
Keurig Dr Pepper	7	More details can be found in our CDP Climate Disclosure and our Task Force on Climate- related Financial Disclosures (TCFD).	not_assertion
Keurig Dr Pepper	7	In addition, we focus on climate adaptation specifically in farming communities.	not_assertion
Keurig Dr Pepper	7	Our approach is to work with partners to support regenerative agriculture and conservation initiatives within our coffee, corn and apple supply chains.	not_assertion
Keurig Dr Pepper	7	To measure progress toward our regenerative agriculture and conservation goal, we have developed an outcomes-based methodology outlined in KDP’s Regenerative Agriculture & Conservation Monitoring & Evaluation Guide.	not_assertion
Keurig Dr Pepper	7	Collective action is critical in addressing climate change impacts.	not_assertion
Keurig Dr Pepper	7	We also know that governments play an essential role in addressing climate change.	not_assertion
Keurig Dr Pepper	7	We join other corporate Ongoing Challenges • Mitigating and adapting to climate challenges, such as operational and supply chain disruptions, shortages of materials and risks to agriculture, food systems and communities • Navigating the evolving policy and regulatory landscape for compliance and reporting • Mapping a feasible glidepath to fleet decarbonization at scale in the U.S., given the lack of required technology, policy and infrastructure • Meeting the growing reporting needs of our customers and partners as they manage their own climate and nature goals and regulatory requirements Future Opportunities • Continuing to reduce resource use while increasing climate resiliency measures such as supporting regenerative agriculture and conservation • Exploring new technology and electric heavy-duty trucks in support of fleet decarbonization • Scaling decarbonization projects at manufacturing facilities through public- private partnerships and engaging suppliers to implement their own decarbonization activities • Evaluating the interconnectivity of positive climate, nature and water benefits and looking to better integrate our measurement and reporting Read more: leaders in acknowledging the important role we have in establishing and maintaining open dialogue with governments in support of healthy economies, substantial reductions in GHG emissions and robust adaptation measures.	length
Keurig Dr Pepper	7	We support the creation of incentives in clean energy and transportation projects, along with initiatives to streamline permitting processes for the faster deployment of clean energy and enhanced grid resiliency.	not_assertion
Keurig Dr Pepper	7	Management Approach We leverage third-party standards and guidelines and collaborate with many industry organizations to inform our strategy, as well as comply with regulatory agency requirements to report our progress.	not_assertion
Keurig Dr Pepper	7	They include KDP’s Environmental Policy, Climate Policy, Water Policy and Supplier Code of Conduct.	not_assertion
Keurig Dr Pepper	7	Water Use & Stewardship Packaging & Circular Economy Corporate Governance & Ethics Glossary Our Impact CLIMATE & NATURE ACTION STRATEGY Energy Efficiency & Low Carbon Energy Use in Our Operations Fleet Decarbonization Regenerative Agriculture & Conservation Partner & Policy Engagement 2024 KEURIG DR PEPPER IMPACT REPORT 7 Overview Climate & Nature Action Water Use & Stewardship Packaging & Circular Economy Human Rights, Responsible Sourcing & Supply Chain Livelihoods Consumer Health & Well-Being Employee Health, Safety & Well-Being Corporate Governance & Ethics Appendix	length
Keurig Dr Pepper	8	Our continued transition to renewables contributes in part to the reduction of our Scope 1 and 2 emissions compared to the 2018 baseline, which in 2024 totaled 21%.	reference_dense
Keurig Dr Pepper	8	This was driven in part by improvements in our methodology, such as using supplier-specific activity data as well as using more current emissions factors.	methodology
Keurig Dr Pepper	8	We have also committed to support regenerative agriculture and conservation on 250,000 acres of land by 2030 via targeted projects within our apple, coffee and corn supply chains3.	not_assertion
Keurig Dr Pepper	8	At year- end 2024, we have supported a total of 129,013 acres contributing progress toward our goal.	not_assertion
Keurig Dr Pepper	8	REGENERATIVE AGRICULTURE & CONSERVATION ACRES We continue to evaluate the interconnectivity of climate, nature and water benefits and are working to better integrate our measurement and reporting to ensure that progress from our broader environmental efforts is captured within our relevant climate, nature and water goals going forward.	length
Keurig Dr Pepper	8	SBTi validated our targets in early 2025, which include: • Reduce absolute Scope 1 and 2 GHG emissions 50% by 2030 from a 2018 base year • Reduce absolute Scope 3 GHG emissions from purchased goods and services, fuel and energy related activities, upstream transportation and distribution, and use of sold products 25% by 2030 from a 2022 base year • Reduce absolute Scope 3 Forest, Land and Agriculture (FLAG)4 GHG emissions by 30% by 2030 from a 2022 base year • Commit to no deforestation across our primary deforestation-linked commodities, with a target date of December 31, 2025 We will report progress on these targets in the 2025 Impact Report.	length
Keurig Dr Pepper	8	2024 GHG EMISSIONS BY CATEGORY* Scope 1 and 2 Emissions 51% 39% 10% Fleet Fuels Natural Gas Electricity Scope 3 Emissions** 28% 22% 19% 15% 11% 4% Third-party Manufacturing Ingredients Packaging Logistics Other Use of Products *% of GHG Emissions by Category may not sum to 100% due to rounding.	length
Keurig Dr Pepper	8	A more detailed breakdown of Scope 3 emissions can be found in the Data Table.	not_assertion
Keurig Dr Pepper	8	Read more: Goal Methodology & Progress Summary Glossary Data Table KDP’s Regenerative Agriculture & Conservation Monitoring & Evaluation Guide Scope 3 emissions accounted for more than 97% of KDP’s 2024 GHG emissions.	methodology
Keurig Dr Pepper	8	2022 Total Progress (Cumulative) Acres Supported to Enhance Conservation Efforts on Non- Agricultural Land Located Near Farms Acres Supported to Achieve Regenerative Agriculture Outcomes on Farms *Regenerative Agriculture & Conservation Acres may not sum due to rounding of hectares to acres conversion.	not_assertion
Keurig Dr Pepper	8	KDP Impact Commitments Summary 2023 2024 50,000 acres 0 100,000 acres 150,000 acres 2024 KEURIG DR PEPPER IMPACT REPORT 8 Overview Climate & Nature Action Water Use & Stewardship Packaging & Circular Economy Human Rights, Responsible Sourcing & Supply Chain Livelihoods Consumer Health & Well-Being Employee Health, Safety & Well-Being Corporate Governance & Ethics Appendix	length
Keurig Dr Pepper	9	This will enable the facility to reduce approximately 1,400 metric tons of carbon emissions annually, contributing a small amount to KDP’s 2030 climate commitments to obtain 100% of electricity from renewable sources and reduce Scope 1 and 2 emissions.	reference_dense
Keurig Dr Pepper	9	In addition to the investment made by KDP, the project is supported by the Irish Government through IDA Ireland.	not_assertion
Keurig Dr Pepper	9	Read more here.	length
Keurig Dr Pepper	9	In addition to joining the Advanced Clean Transportation (ACT) Fleet Forum and Corporate Electric Vehicle Alliance, we increased our electric fleet inventory to 45 vehicles, which represents nearly 20% of our Canadian fleet.	not_assertion
Keurig Dr Pepper	9	KDP Canada Fleet Electrification SUPPORTING REGENERATIVE AGRICULTURE & CONSERVATION Apple Pollinator Program In 2022, we partnered with the IPM Institute and Cornell University’s Danforth Lab on a three- year program to promote safe pest management practices and native pollinator habitat conservation techniques with participating apple farmers in upstate New York.	length
Keurig Dr Pepper	9	Through year-end 2024, we have seen measurable results in spray optimization and plans for the addition of new habitats.	not_assertion
Keurig Dr Pepper	9	Moreover, in 2024, the state of New York awarded funding to a group of 10 apple farmers to enable the implementation of conservation practices, including habitat enhancements identified in our Apple Pollinator Program.	not_assertion
Keurig Dr Pepper	9	Importantly, these grants will provide additional resources, beyond those provided by KDP, to scale impact.	not_assertion
Keurig Dr Pepper	9	Blue Harvest Regenerative Program Since 2014, we have partnered with the international non-governmental organization (NGO), CRS, to protect and restore vital natural resources in coffee farming communities in Honduras and Nicaragua.	activity_report
Keurig Dr Pepper	9	Between 2022 and 2024, more than 3,000 coffee farmers have adopted practices that support regenerative outcomes, leading to healthier soil and an average yield improvement of 8.6% from a 2022 baseline.	not_assertion
Keurig Dr Pepper	9	KDP AT CLIMATE WEEK NYC KDP hosted and convened key stakeholders for The Future of Coffee event during Climate Week in New York in 2024 to discuss the critical challenges and opportunities facing the coffee industry from climate change.	not_assertion
Keurig Dr Pepper	9	KDP, along with an expert panel of our long-term partners, discussed how climate change and economic uncertainty for smallholder farmers are impacting coffee, from farm to cup, and how long-term investments, programs and partnerships can help to preserve the future of coffee and drive meaningful impact at scale.	length
Keurig Dr Pepper	9	The event brought participants in the coffee industry together to deepen relationships and ideate on innovative partnerships with the goal of collective action to protect coffee and coffee farming for generations to come.	not_assertion
Keurig Dr Pepper	9	2022 2023 2024 1 18 26 45 Total Electric Vehicles Read more: Our Impact 2024 KEURIG DR PEPPER IMPACT REPORT 9 Overview Climate & Nature Action Water Use & Stewardship Packaging & Circular Economy Human Rights, Responsible Sourcing & Supply Chain Livelihoods Consumer Health & Well-Being Employee Health, Safety & Well-Being Corporate Governance & Ethics Appendix	length
Keurig Dr Pepper	10	WATER USE & STEWARDSHIP Water is a shared resource that is critical to the health of communities and ecosystems where we live and work.	general_statement
Keurig Dr Pepper	10	KEY HIGHLIGHTS • Aspiration to achieve Net Positive Water Impact5 by 2050 • Invested in higher efficiency water treatment infrastructure at two manufacturing facilities which is estimated to save over 50 million gallons of water annually • 66% replenishment for high water-risk operating communities through the end of 2024, an increase from 55% in 2023 • 17 targeted water replenishment projects supported in California, Texas, Florida and Mexico since 2016 • Supported projects that delivered 3,008 megaliters of water volumetric benefit to areas of high-water stress in 2024 • Hosted a workshop at World Water Week in Stockholm, Sweden, to raise awareness and discuss safe water access in underserved communities Read more: Goal Methodology & Progress Summary 2024 KEURIG DR PEPPER IMPACT REPORT 10 Overview Climate & Nature Action Water Use & Stewardship Packaging & Circular Economy Human Rights, Responsible Sourcing & Supply Chain Livelihoods Consumer Health & Well-Being Employee Health, Safety & Well-Being Corporate Governance & Ethics Appendix	length
Keurig Dr Pepper	11	Strategy Water is the primary ingredient in our products and used across our operations.	not_assertion
Keurig Dr Pepper	11	As a leading beverage company, we have a responsibility to help address local and global water challenges, particularly in those areas that are more prone to water challenges like scarcity, water stress and drought.	not_assertion
Keurig Dr Pepper	11	Core to our approach is the use of periodic water assessments of our operations and supply chain.	not_assertion
Keurig Dr Pepper	11	To refine our understanding of challenges for our high water-risk sites and to identify opportunities to implement water-related measures, we assess each site in the context of the surrounding watershed, the local water issues and other local entities’ interest and perspectives on those issues.	not_assertion
Keurig Dr Pepper	11	More detail can be found in our CDP Climate Disclosure.	not_assertion
Keurig Dr Pepper	11	Our interconnected efforts and collaborations in climate and nature action are fundamental to our water stewardship work.	not_assertion
Keurig Dr Pepper	11	Management Approach We collaborate with many nonprofit organizations and industry organizations to inform our strategy and report our progress.	not_assertion
Keurig Dr Pepper	11	For example, we use resources such as a benchmarking analysis from the Beverage Industry Environmental Roundtable (BIER) to set targets and evaluate our performance.	activity_report
Keurig Dr Pepper	11	They include KDP’s Environmental Policy, Water Policy, Climate Policy and Supplier Code of Conduct.	not_assertion
Keurig Dr Pepper	11	Ongoing Challenges • Mitigating and adapting to climate change impacts in water-stressed areas such as operational disruptions • Engaging in long-term planning that accounts for aging infrastructure, population growth and fair access to safe water and sanitation • Balancing progress toward our goal for water use efficiency while supporting need for quality ingredient water and evolving regulatory requirements Future Opportunities • Upgrading efficient water treatment infrastructure to work toward maximizing water efficiency • Investing in watershed health with the aim to improve water availability, quality and access • Exploring the co-benefits of water replenishment by measuring how our efforts might positively impact water quality, access, biodiversity and nature Read more: Climate & Nature Action Packaging & Circular Economy Glossary Our Impact Corporate Governance & Ethics WATER USE & STEWARDSHIP STRATEGY Wa te r S ec ur it y & Ac ce ss Wa te r R ep le ni sh me nt in Wa te r E ffi ci en cy in ou r O pe ra tin g Co m m un it ie s ou r Op er at io ns 2024 KEURIG DR PEPPER IMPACT REPORT 11 Overview Climate & Nature Action Water Use & Stewardship Packaging & Circular Economy Human Rights, Responsible Sourcing & Supply Chain Livelihoods Consumer Health & Well-Being Employee Health, Safety & Well-Being Corporate Governance & Ethics Appendix	length
Keurig Dr Pepper	12	In 2024, the water use ratio was 1.82 in our total manufacturing plant network that produces liquid refreshment beverages.	not_assertion
Keurig Dr Pepper	12	This reflects a 7% improvement from our 2017 baseline.	not_assertion
Keurig Dr Pepper	12	Progress toward this target will be reported in our 2025 Impact Report.	not_assertion
Keurig Dr Pepper	12	ANNUAL WATER VOLUMETRIC BENEFIT (MEGALITERS) 2019 2020 2021 2022 2023 2024 97 725 1,817 2,084 2,169 3,008 Read more: Goal Methodology & Progress Summary Glossary Data Table KDP Impact Commitments Summary 2024 KEURIG DR PEPPER IMPACT REPORT 12 Overview Climate & Nature Action Water Use & Stewardship Packaging & Circular Economy Human Rights, Responsible Sourcing & Supply Chain Livelihoods Consumer Health & Well-Being Employee Health, Safety & Well-Being Corporate Governance & Ethics Appendix	length
Keurig Dr Pepper	13	Agriculture Water Conservation in California: KDP is working with precision irrigation solutions company Oriba Netafim to incentivize farmers to implement drip irrigation on farms in the Sacramento and San Joaquin Valley watersheds, which can lead to state-of-the-art crop management practices and robust reporting and data collection.	length
Keurig Dr Pepper	13	Overgrowth of native-nuisance shrubs has resulted in habitat loss, intensified impacts from drought, decreased water quality and increased risk of wildfire.	risk_description
Keurig Dr Pepper	13	Our partnership contributes to the remediation of these issues through the removal of invasive and native-nuisance plant species, which in turn improves the ability of the marsh to recharge, provide habitat for wildlife and support native vegetation.	not_assertion
Keurig Dr Pepper	13	Since 2022, the project has reached the important milestone of over 1,000 acres under restoration.	not_assertion
Keurig Dr Pepper	13	This initiative positively impacts water quality and availability for the Lerma River which flows into Lake Chapala, near Guadalajara.	not_assertion
Keurig Dr Pepper	13	In the Spring-Summer cycle of 2024, technical assistance and land leveling activities took place on over 150 hectares of land across 15 different farms, adding to the more than 40 hectares of land where activities took place in the Autumn-Winter growing season.	not_assertion
Keurig Dr Pepper	13	The estimated benefit to local water basins in 2024 was over 200 megaliters.	not_assertion
Keurig Dr Pepper	13	Wetland Creation in Texas: Water scarcity in the Trinity River Basin leaves little to no water in-stream dedicated to wildlife habitat.	not_assertion
Keurig Dr Pepper	13	In partnership with Ducks Unlimited, Texas Parks and Wildlife Department and the Texas Water Action Collaborative (managed by Texan by Nature), KDP and its partners supported the construction of 111 acres of wetlands by installing water control infrastructure to enhance the water holding capacity of the Wildcat Marsh on Richland Creek Wildlife Management Area.	length
Keurig Dr Pepper	13	PARTNERING FOR WATER REPLENISHMENT In 2024, we collaborated with nonprofit and other industry partners on projects in key regions that focused on water availability and quality.	not_assertion
Keurig Dr Pepper	13	2024 KEURIG DR PEPPER IMPACT REPORT 13 Overview Climate & Nature Action Water Use & Stewardship Packaging & Circular Economy Human Rights, Responsible Sourcing & Supply Chain Livelihoods Consumer Health & Well-Being Employee Health, Safety & Well-Being Corporate Governance & Ethics Appendix	navigation
Keurig Dr Pepper	14	ENHANCING WATER SECURITY & ACCESS We collaborated with nonprofit organizations on projects that focused on water security and access in 2024.	not_assertion
Keurig Dr Pepper	14	Safe Water Access in Canada: KDP Canada has teamed up with One Drop Foundation as a founding Water Impact Partner of the Indigenous Water Allyship initiative, a multi-year program that aims to improve living conditions and health via increased access to safe water in First Nations, Métis and Inuit communities.	length
Keurig Dr Pepper	14	In 2024, the program supported nine youth in their water-related artistic projects, fostering youth leadership, participation and dialogue on water rights and stewardship, engaging more than 120,000 people.	not_assertion
Keurig Dr Pepper	14	In addition, KDP Canada co-hosted a workshop at World Water Week in Stockholm, Sweden, along with One Drop and the Canada Water Agency, to introduce the Indigenous Water Allyship Program and five Young Indigenous Ambassadors from the program who shared their perspectives on water-related social and environmental issues in their respective communities.	length
Keurig Dr Pepper	14	Read more: Our Impact 2024 KEURIG DR PEPPER IMPACT REPORT 14 Overview Climate & Nature Action Water Use & Stewardship Packaging & Circular Economy Human Rights, Responsible Sourcing & Supply Chain Livelihoods Consumer Health & Well-Being Employee Health, Safety & Well-Being Corporate Governance & Ethics Appendix	length
Keurig Dr Pepper	15	PACKAGING & CIRCULAR ECONOMY Supporting the circular economy is critical to reduce resource use and environmental impacts.	navigation
Keurig Dr Pepper	15	KEY HIGHLIGHTS • Unveiled our vision for new K-Rounds plastic- and aluminum- free pods as well as a new brewing system, the Keurig Alta brewer • 96% of packaging converted to be recyclable or compostable • 17% virgin plastic reduction across our packaging portfolio since 2019 • More than $50 million committed in support of a more circular economy since 2014 • Secured acceptance of K-Cup pods into Canadian province- run curbside collection programs in Ontario and Quebec • Launched K-Cycle At Home, a new mail-back program aimed at expanding K-Cup pod recycling access for consumers Read more: Goal Methodology & Progress Summary 2024 KEURIG DR PEPPER IMPACT REPORT 15 Overview Climate & Nature Action Water Use & Stewardship Packaging & Circular Economy Human Rights, Responsible Sourcing & Supply Chain Livelihoods Consumer Health & Well-Being Employee Health, Safety & Well-Being Corporate Governance & Ethics Appendix	length
Keurig Dr Pepper	16	Strategy KDP supports the reuse, recycling, repurposing and composting of our products and packaging in support of a more circular economy.	not_assertion
Keurig Dr Pepper	16	Driving the transition to a circular economy is complex and requires scalable systems change.	general_statement
Keurig Dr Pepper	16	Therefore, individual and company responsibility as well as collective action are critical to advancing effective and efficient policy solutions, investing in infrastructure and modernization and engaging consumers to act in more sustainable ways.	general_statement
Keurig Dr Pepper	16	Beyond KDP’s design innovations, collective action is critical to advance effective and efficient policy solutions, such as well-designed Extended Producer Responsibility (EPR) programs, invest in infrastructure modernization and engage consumers to act in more sustainable ways.	general_statement
Keurig Dr Pepper	16	To help make this happen, we partner with a wide variety of external organizations, including state/ provincial and municipal government leaders, recyclers, NGOs, industry peers and suppliers.	not_assertion
Keurig Dr Pepper	16	DESIGN & INNOVATION • Material Reduction & Efficiencies • Packaging Optimization for Recyclability, Compostability & Reuse • Alternatives to Virgin Plastic ADVOCACY, INFRASTRUCTURE & PARTNERSHIPS • EPR Programs • Recycler & Community Engagement • Consumer Education & Access to Recycling, Composting & Reuse RESOURCE RECOVERY • Waste Reduction in our Operations • Take-Back Programs • Strengthening End Markets for Recycled Materials PACKAGING & CIRCULAR ECONOMY STRATEGY Management Approach KDP’s cross-functional teams across all geographies, including Procurement, R&D, Packaging Innovation, Operations, Government Affairs and Sustainability, collaborate to advance our packaging and circular economy goals.	length
Keurig Dr Pepper	16	We leverage third-party design standards and guidelines, such as the Association of Plastic Recyclers (APR) Design Guide® for Plastics Recyclability, to inform our packaging’s compatibility with recycling infrastructure against industry accepted criteria.	not_assertion
Keurig Dr Pepper	16	We track and measure the impact of our efforts by reporting them through organizations including the Global Commitment, led by the Ellen MacArthur Foundation (EMF) in collaboration with the UN Environment Programme, the Canada Plastics Pact and World Wildlife Fund (WWF)’s ReSource: Plastic.	activity_report
Keurig Dr Pepper	16	We also work with regulatory agencies to meet and report on various packaging compliance regulations across North America, such as EPR programs, Deposit Return Systems (DRS) and minimum recycled content requirements in place in certain jurisdictions.	not_assertion
Keurig Dr Pepper	16	We continue to update and modernize our technology and data reporting systems so we can optimize our measurement and reporting for compliance and regulatory requirements.	not_assertion
Keurig Dr Pepper	16	To further support consumers, we now offer a take-back recycling program intended for consumers who live in communities where Keurig K-Cup pods are not currently accepted for recycling.	not_assertion
Keurig Dr Pepper	16	To help close the loop of the circular economy, we help strengthen end markets for recycled materials by purchasing and incorporating PCR content where we can across our packaging portfolio and in our coffee makers.	not_assertion
Keurig Dr Pepper	16	2024 KEURIG DR PEPPER IMPACT REPORT 16 Overview Climate & Nature Action Water Use & Stewardship Packaging & Circular Economy Human Rights, Responsible Sourcing & Supply Chain Livelihoods Consumer Health & Well-Being Employee Health, Safety & Well-Being Corporate Governance & Ethics Appendix	navigation
Keurig Dr Pepper	17	Ongoing Challenges • Balancing the availability, quality and cost of more sustainable materials, including PCR plastics, with the current state of recycling and refillable packaging infrastructure • Navigating a varied and fragmented policy and regulatory landscape for compliance and reporting that is evolving at a state and provincial level in the geographies where KDP operates • Improving consumer access and affordability to products that use more sustainable materials, with particular attention to the recyclability or reuse of product packaging and reconciling impact trade offs that occur at different stages of a product and package’s lifecycle • Collaborating to scale infrastructure and recycling solutions for flexible packaging Future Opportunities • Accelerating the rollout of innovative products, and packaging and reuse solutions that reduce or eliminate plastic, reduce virgin plastic use or increase the value and availability of recycled materials • Partnering to encourage reusable packaging options where they make the most sense • Working with organizations like Circular Materials in Canada and Circular Action Alliance in the U.S. to harmonize EPR programs which will ultimately drive efficiencies, increase access to and enhance the performance of recycling programs • Engaging consumers to encourage increased participation in recycling, composting and reuse behaviors A NOTE ON THE EVOLUTION OF “RECYCLABLE” IN THE U.S. With the implementation of packaging regulations like EPR in the U.S., the term “recyclable” is increasingly being defined by law as opposed to industry or NGO standards.	length
Keurig Dr Pepper	17	However, there is currently no harmonized, national definition of the term “recyclable.” KDP discloses our percentage of “recyclable” products according to the following definition: “Packaging for which design is not a barrier to the packaging being successfully collected, sorted and reprocessed into another material, a product component or a recycled raw material.	length
Keurig Dr Pepper	17	We likewise consider plastic packaging to be ‘recyclable’ if it is deemed ‘recyclable with detrimental features’ by the APR.” The EMF Global Commitment definition of “recyclable” plastic packaging differs slightly from the KDP definition and states that: “A packaging material or component is ‘recyclable’ if its post- consumer collection, sorting, and recycling is proven to work in practice and at scale.” KDP discloses the percentage of products that we produce that meet both the KDP definition as well as the EMF definition.	length
Keurig Dr Pepper	17	As states begin implementation of EPR programs, each state may vary in terms of the products they accept in their recycling programs and thus deem “recyclable” with some programs applying recycling rate requirements to determine recyclability.	not_assertion
Keurig Dr Pepper	17	Overall, we find a common theme across most definitions of “recyclable”: that the package should be designed in a way that is compatible with recycling systems, that there are collection systems in place, that the material can be effectively sorted and there are end markets in place to accept the recycled material.	length
Keurig Dr Pepper	17	Given these varying but similar definitions of “recyclable,” it is important to be clear on how we define our recyclability performance metric and measure our progress.	not_assertion
Keurig Dr Pepper	17	Read more: Climate & Nature Action Corporate Governance & Ethics Glossary Our Impact Water Use & Stewardship 2024 KEURIG DR PEPPER IMPACT REPORT 17 Overview Climate & Nature Action Water Use & Stewardship Packaging & Circular Economy Human Rights, Responsible Sourcing & Supply Chain Livelihoods Consumer Health & Well-Being Employee Health, Safety & Well-Being Corporate Governance & Ethics Appendix	length
Keurig Dr Pepper	18	We are proud of the progress we have made in packaging design as well as infrastructure advancement and resource recovery via collective action.	general_statement
Keurig Dr Pepper	18	To summarize, we will report progress on the following key metrics in our 2025 Impact Report: • Percentage of packaging that is designed for recyclability, compostability or reuse • Percentage of virgin plastic usage across our packaging portfolio • Percentage of PCR across our primary plastic packaging • Percentage of manufacturing waste diverted from landfill In addition, we will continue to work with regulatory agencies to meet and report on various packaging compliance regulations across North America, such as EPR programs, DRS and minimum recycled content requirements in place in certain jurisdictions.	length
Keurig Dr Pepper	18	Our manufacturing network that produces coffee maintained a diversion rate of 98%.	not_assertion
Keurig Dr Pepper	18	**Category includes filters, high-density polyethylene (HDPE), foam and aseptic carton.	not_assertion
Keurig Dr Pepper	18	2024 PACKAGING MIX* 3% Refillable Glass Bottles Flex Packaging 3% Other** 4% Polypropylene 7% Non- Refillable Glass Bottles 8% Aluminum & Steel 14% PET Bottles 27% Paper/ Cardboard 34% Read more: Goal Methodology & Progress Summary Glossary Data Table KDP Impact Commitments Summary 2024 KEURIG DR PEPPER IMPACT REPORT 18 Overview Climate & Nature Action Water Use & Stewardship Packaging & Circular Economy Human Rights, Responsible Sourcing & Supply Chain Livelihoods Consumer Health & Well-Being Employee Health, Safety & Well-Being Corporate Governance & Ethics Appendix	length
Keurig Dr Pepper	19	K-Rounds pods are created from roasted coffee beans that are ground, pressed and wrapped in a proprietary, protective plant-based coating preserving the coffee’s flavor and aroma.	not_assertion
Keurig Dr Pepper	19	We are currently in the beta testing phase, using a prototype brewer to gather insights from real- world homes and consumers that will help us fine- tune the performance, quality and design of the system.	not_assertion
Keurig Dr Pepper	19	Located in Spartanburg, South Carolina, this facility is one of the largest Green Globes certified manufacturing facilities in the world.	not_assertion
Keurig Dr Pepper	19	Refill-Reuse Pilot KDP and the Chicago Bears collaborated with the Soldier Field site operator ASM Global, the Soldier Field hospitality partner Levy and the reusable drink and foodware logistics company Bold Reuse in Fall 2024, to launch a unique reusable cup program in the United Club at Soldier Field, one of the first in the National Football League (NFL).	length
Keurig Dr Pepper	19	Over the course of the five game pilot, results for the 16 oz.	not_assertion
Keurig Dr Pepper	19	and 20 oz.	length
Keurig Dr Pepper	19	cups indicated that the longer consumers had exposure to the reusable program the more comfortable they were in using it.	not_assertion
Keurig Dr Pepper	19	Key impact highlights included: single use cups and 337 pounds of waste eliminated 7,096 net new labor hours generated ZERO return rates increased overall from the first game, peaking at 63% after three games and ending with an overall average return rate of 47% 47% 2024 KEURIG DR PEPPER IMPACT REPORT 19 Overview Climate & Nature Action Water Use & Stewardship Packaging & Circular Economy Human Rights, Responsible Sourcing & Supply Chain Livelihoods Consumer Health & Well-Being Employee Health, Safety & Well-Being Corporate Governance & Ethics Appendix	length
Keurig Dr Pepper	20	ENGAGING THROUGH ADVOCACY, INFRASTRUCTURE & PARTNERSHIPS Well-Designed EPR Programs We advocate for policies at all levels of government to accelerate the development of a circular economy for packaging materials, particularly for the modernization and standardization of recycling and industrial composting infrastructure.	not_assertion
Keurig Dr Pepper	20	• Canada: We have been engaged with leading Producer Responsibility Organizations and regulators that are responsible for the implementation of expanded municipal recycling programs across the country.	not_assertion
Keurig Dr Pepper	20	This work has led to the acceptance of K-Cup pods into Canadian province-run recycling programs in Ontario and Quebec.	not_assertion
Keurig Dr Pepper	20	• U.S.: KDP played a key role in launching the country’s first Producer Responsibility Organization, Circular Action Alliance, and is the only organization approved to implement U.S. EPR laws for paper and packaging and is operating as the sole Producer Responsibility Organization in California, Colorado, Maryland, Minnesota and Oregon.	length
Keurig Dr Pepper	20	In 2024, we also joined forces with other consumer packaged goods producers and retailers through the EPR Leadership Forum to advocate for well- designed EPR for packaging in the U.S. Municipal Recycling Facilities Engagement We work directly with recycling facility operators in specific communities to encourage acceptance of our packaging materials and to understand opportunities for technology improvements.	length
Keurig Dr Pepper	20	In 2024, we continued our efforts by working collaboratively through programs like The Recycling Partnership’s Polypropylene Coalition and American Beverage Association’s Every Bottle Back initiative to award grant funding to specific facilities and communities with the aim to improve infrastructure, capacity and education to ultimately improve access to recycling.	length
Keurig Dr Pepper	20	Consumer Education & Access Each individual community recycling program in the U.S. has a unique list of materials and formats that they accept for recycling.	not_assertion
Keurig Dr Pepper	20	This lack of recycling acceptance harmonization has resulted in inconsistencies across municipalities in both what consumers can recycle and how that information is communicated to consumers.	not_assertion
Keurig Dr Pepper	20	In early 2025, we sponsored the I Recycle Phoenix event, hosted by Keep Phoenix Beautiful.	not_assertion
Keurig Dr Pepper	20	More than 1,000 cars participated in this drive-through recycling initiative, where Phoenix residents dropped off items ranging from old electronics and building materials to bicycles and soft plastic bags.	not_assertion
Keurig Dr Pepper	20	SUPPORTING RESOURCE RECOVERY In 2024, we implemented programs to assist consumers in their efforts to give a second life to products, an important step toward transitioning to a circular economy.	activity_report
Keurig Dr Pepper	20	In fact, we have co-founded three organizations that amplify both dollars and action to enhance recycling infrastructure and educate consumers on proper recycling behaviors.	not_assertion
Keurig Dr Pepper	20	American Beverage Association’s Every Bottle Back Initiative: At year-end 2024, commitments made in 50 communities across the U.S. to modernize recycling facilities are estimated to yield 707 million additional pounds of PET plastic to be recycled over the next 10 years, which equates to approximately a 3% increase of additional recycled PET plastic over that time period.	length
Keurig Dr Pepper	20	Circular Plastics Taskforce: In 2024, 30 circularity leaders from across the country mobilized to advance the circular economy in Canada.	not_assertion
Keurig Dr Pepper	20	This new offering builds on our existing program that offers recycling and composting services for high- volume commercial operations, such as offices, universities and healthcare facilities.	not_assertion
Keurig Dr Pepper	20	These take-back programs help participants return their used K-Cup pods to be processed for recycling.	not_assertion
Keurig Dr Pepper	20	Read more here and here.	not_assertion
Keurig Dr Pepper	20	Van Houtte Coffee Services, a Canadian subsidiary of KDP, also refurbished more than 37% of the total units sold the same year.	not_assertion
Keurig Dr Pepper	20	Read more: Glossary Our Impact 2024 KEURIG DR PEPPER IMPACT REPORT 20 Overview Climate & Nature Action Water Use & Stewardship Packaging & Circular Economy Human Rights, Responsible Sourcing & Supply Chain Livelihoods Consumer Health & Well-Being Employee Health, Safety & Well-Being Corporate Governance & Ethics Appendix	length
Keurig Dr Pepper	21	HUMAN RIGHTS, RESPONSIBLE SOURCING & SUPPLY CHAIN LIVELIHOODS Working to safeguard social and environmental protections and support economic resilience in order to build a reliable and secure supply chain for the long term.	navigation
Keurig Dr Pepper	21	KEY HIGHLIGHTS • 100% of coffee was responsibly sourced in 20248 • 100% of cocoa was responsibly sourced in 2024 • Largest buyer of Fair Trade USA certified coffee for our owned and partner brands in 2024 • 93% of our in-scope Tier 1 suppliers and select Tier 2 suppliers for brewers met or exceeded expectations per KDP’s Supplier Rating System for Factories • Expanded our responsibly sourced audit program to include high-intensity sweeteners in 2024 • Supported 8,570 farmers and workers in our coffee supply chain9 with the aim to improve their economic resilience per KDP’s Livelihoods Ambition Monitoring and Evaluation Guide Read more: Goal Methodology & Progress Summary 2024 KEURIG DR PEPPER IMPACT REPORT 21 Overview Climate & Nature Action Water Use & Stewardship Packaging & Circular Economy Human Rights, Responsible Sourcing & Supply Chain Livelihoods Consumer Health & Well-Being Employee Health, Safety & Well-Being Corporate Governance & Ethics Appendix	length
Keurig Dr Pepper	22	Strategy We aim to use our buying power for good through responsible sourcing actions in specific supply chains and strategic work with key suppliers.	not_assertion
Keurig Dr Pepper	22	Central to our work is the recognition that we have a responsibility to uphold and promote human rights for all people and communities impacted by our operations and business activities and, through our procurement practices, we aim to create a dynamic supply chain and support growth in communities by working with a variety of suppliers.	length
Keurig Dr Pepper	22	In addition, the work we do is intended to position workers and farmers within our value chain to contribute to positive outcomes, such as boosting personal and community well-being and mitigating and adapting to climate change, when they have economic stability and access to financial opportunities.	length
Keurig Dr Pepper	22	We recognize that interconnected social and environmental issues require holistic solutions, including shared investment and collaboration with a variety of stakeholders.	activity_report
Keurig Dr Pepper	22	Partnerships with key producer organizations, suppliers and contract manufacturers, nonprofit organizations and governments are a critical component to our approach.	not_assertion
Keurig Dr Pepper	22	Ongoing Challenges • Mitigating the risks to agriculture, food systems and communities resulting from climate change, adverse weather conditions and local economic and political conditions • Navigating increased demands from stakeholders on the traceability of certain raw materials • Managing the economic pressures that are driving up the cost of production for all players in value chains, but especially for raw materials and supplies such as quality coffee and cocoa Future Opportunities • Expanding our responsible sourcing strategies to additional inputs that meet our priority input criteria • Applying learnings gathered from our social impact investments to strengthen and refine our approach to supporting the economic resilience of farmers and workers in key parts of our value chain • Exploring public-private partnerships that support grievance mechanisms and interventions related to labor protections in key supply chains Read more: Management Approach KDP’s cross-functional teams, including Procurement, Operations, Sustainability, R&D, Human Resources and Legal, collaborate on our approach to source materials and agricultural inputs that meet our established quality requirements, advance sustainability goals and uphold our commitment to human rights throughout our value chain.	length
Keurig Dr Pepper	22	HUMAN RIGHTS, RESPONSIBLE SOURCING & SUPPLY CHAIN LIVELIHOODS STRATEGY Respect for the Human Rights of People & Communities Where We Operate KDP has established several policies and statements that reinforce our commitments.	navigation
Keurig Dr Pepper	22	These include KDP’s Corporate Code of Conduct, Supplier Code of Conduct, Brazilian Coffee Purchasing Policy, Conflict Minerals Policy and Forced Labor and Child Labor Statement.	not_assertion
Keurig Dr Pepper	22	Our Human Rights Position Statement covers topics including discrimination and humane treatment, freedom of association and collective bargaining, child labor, working hours, wages and benefits, among others.	not_assertion
Keurig Dr Pepper	22	We provide a grievance mechanism open to employees and communities in our supply chain.	not_assertion
Keurig Dr Pepper	22	We encourage stakeholders to report any violations or ethical concerns without delay and without fear of reprisal or concern for retaliation.	not_assertion
Keurig Dr Pepper	22	More information can be found in our Corporate Code of Conduct and Supplier Code of Conduct.	not_assertion
Keurig Dr Pepper	22	Climate & Nature Action Corporate Governance & Ethics Glossary Our Impact Responsible Sourcing of our Priority Inputs Economic Resilience of Farmers & Workers in Key Parts of our Value Chain 2024 KEURIG DR PEPPER IMPACT REPORT 22 Overview Climate & Nature Action Water Use & Stewardship Packaging & Circular Economy Human Rights, Responsible Sourcing & Supply Chain Livelihoods Consumer Health & Well-Being Employee Health, Safety & Well-Being Corporate Governance & Ethics Appendix	length
Keurig Dr Pepper	23	2024 Progress We are committed to responsibly sourcing our brewers and priority inputs.	not_assertion
Keurig Dr Pepper	23	Priority status is determined by the input’s importance to KDP, measured by the magnitude of spending, the social and environmental risk profile of the input and our unique opportunity for impact within the supply chain.	not_assertion
Keurig Dr Pepper	23	These tools may include risk assessments, verification or third-party certification programs, traceability systems, audits, impact investments and ongoing engagement and collaboration with strategic partners.	activity_report
Keurig Dr Pepper	23	In 2024, 0.32% of coffee was received as conventional due to irregular rain patterns delaying the crop in Uganda and logistical challenges resulting from the unavailability of the Suez Canal as a transport route.	not_assertion
Keurig Dr Pepper	23	Both of these challenges required us to purchase green coffee from the spot market to meet our demand, and there were not suitable responsibly sourced options available.	not_assertion
Keurig Dr Pepper	23	We received 100% responsibly sourced cocoa in 2024.	not_assertion
Keurig Dr Pepper	23	We recognize that there is no single tool, or combination of tools, that can completely eliminate the human rights risks associated with complex and systemic issues.	risk_description
Keurig Dr Pepper	23	That is why KDP views verification and certification systems as a valuable starting point but works to invest in impact projects in targeted areas within our supply chains.	not_assertion
Keurig Dr Pepper	23	For these factory-based inputs, we work with our processing facilities, contract manufacturers (Tier 1) and several of our Tier 2 suppliers within the brewer supply chain, to apply KDP’s Supplier Rating System12.	not_assertion
Keurig Dr Pepper	23	This evaluation structure uses a uniform methodology that enables us to align and rate our suppliers with one audit program.	not_assertion
Keurig Dr Pepper	23	In 2024, we partnered with Sustainable Food Lab to develop a new methodology, KDP’s Livelihoods Ambition Monitoring and Evaluation Guide, to measure progress.	not_assertion
Keurig Dr Pepper	23	We are proud to publish both the methodology and our first results in this report.	not_assertion
Keurig Dr Pepper	23	KDP supported improved economic resilience for 8,570 farmers and workers in our coffee supply chain by year-end 2024 across three impact programs, as described on page 24.	navigation
Keurig Dr Pepper	23	We are committed to responsibly sourcing our brewers and priority inputs.	not_assertion
Keurig Dr Pepper	23	Read more: Goal Methodology & Progress Summary Glossary 2024 Priority Inputs Apples Apple Juice Concentrate Brewers Cocoa Coffee Corn High-Intensity Sweeteners10 Tomato Paste KDP’s Livelihoods Ambition Monitoring and Evaluation Guide # of Suppliers % Performance Meets or Exceeds Expectations 104 91% Below Expectations 2 3% Not Yet Rated 6 5% Not Acceptable 1 1% 2024 Consolidated Summary of Factory Performance* *Evaluated per KDP’s Supplier Rating System Data Table KDP Impact Commitments Summary 2024 KEURIG DR PEPPER IMPACT REPORT 23 Overview Climate & Nature Action Water Use & Stewardship Packaging & Circular Economy Human Rights, Responsible Sourcing & Supply Chain Livelihoods Consumer Health & Well-Being Employee Health, Safety & Well-Being Corporate Governance & Ethics Appendix	length
Keurig Dr Pepper	24	Our Work in Action SUPPORTING RESPONSIBLE SOURCING KDP celebrated the 2024 opening of KDP Brasil Global Sourcing, a new office location in the Varginha region of Brazil.	not_assertion
Keurig Dr Pepper	24	This facility serves as a center of excellence for purchasing, logistics, risk management and quality within KDP’s coffee supply chain.	not_assertion
Keurig Dr Pepper	24	Specifically, the office provides local assistance to coffee suppliers, conducts testing, quality control and hosts educational events and trainings.	not_assertion
Keurig Dr Pepper	24	These programs supplement private sector investments to support smallholder farmers to responsibly increase farm productivity within critical food supply chains, including coffee.	not_assertion
Keurig Dr Pepper	24	La Vereda Impact Sourcing Pilot Through a unique combination of innovative purchasing practices and strategic investment in yield-boosting and diversification activities, KDP and its supplier, RGC Coffee, have supported 330 coffee farmers in Colombia to achieve an average increase in net household income of 130% in 2024 among the farmers who received direct technical assistance, compared to a 2021 baseline.	length
Keurig Dr Pepper	24	This places these households well above the living income benchmark defined by the nonprofit, Verité, in 2022, and demonstrates the efficacy of combining purchases with targeted investment to drive impact.	not_assertion
Keurig Dr Pepper	24	Rwenzori Mountains Supply Development Program The Rwenzori Mountains are renowned for their high altitude, fertile soils and plentiful rainfall, which provide optimal growing conditions for arabica coffee.	not_assertion
Keurig Dr Pepper	24	However, lack of premium market access in Uganda has led to low investment in quality improvements, resulting in low and unstable income for farmers.	not_assertion
Keurig Dr Pepper	24	Since 2019, KDP has partnered with its supplier, Kyagalanyi Coffee Ltd, to support more than 8,000 farmers to achieve Rainforest Alliance certification and invest in farm- level improvements that enable sustained access to higher-paying markets, in an effort to improve economic resilience among these farmers.	not_assertion
Keurig Dr Pepper	24	Las Manos del Cafe Farmworker Prosperity Program Farmworkers are often excluded from protections offered to workers in more formal segments of the economy, leaving them vulnerable in the face of unexpected events such as medical challenges or natural disasters.	methodology
Keurig Dr Pepper	24	Read more: Our Impact The Future of Coffee 2024 KEURIG DR PEPPER IMPACT REPORT 24 Overview Climate & Nature Action Water Use & Stewardship Packaging & Circular Economy Human Rights, Responsible Sourcing & Supply Chain Livelihoods Consumer Health & Well-Being Employee Health, Safety & Well-Being Corporate Governance & Ethics Appendix	length
Keurig Dr Pepper	25	CONSUMER HEALTH & WELL-BEING Supporting consumers on their health and well-being journeys and providing transparency about our marketing practices, ingredients and product safety are fundamental to our business.	not_assertion
Keurig Dr Pepper	25	KEY HIGHLIGHTS • Achieved Goal: Provided positive hydration13 in 60% of KDP products in the U.S., one year ahead of schedule • 40% of our U.S. corporate marketing budget promoted products that met the definition of positive hydration in 2024 • 7% reduction in added sugar from U.S. Refreshment Beverages since 2020 • Collaborated with retailers and dieticians to expand access to low calorie products in 160 stores across the U.S. mid-Atlantic and east coast • Continued to deliver on our commitment to not market or advertise any of our products to children • Dr Pepper Zero had the most volume sales growth out of all Dr Pepper trademarked products, including regular Dr Pepper and Diet Dr Pepper, in 2024 Read more: Goal Methodology & Progress Summary 2024 KEURIG DR PEPPER IMPACT REPORT 25 Overview Climate & Nature Action Water Use & Stewardship Packaging & Circular Economy Human Rights, Responsible Sourcing & Supply Chain Livelihoods Consumer Health & Well-Being Employee Health, Safety & Well-Being Corporate Governance & Ethics Appendix	length
Keurig Dr Pepper	26	Strategy As a leading beverage company, KDP recognizes there are systemic issues relating to health, hunger and nutrition that are complex and require individual and collective action to address.	not_assertion
Keurig Dr Pepper	26	Core to our approach is working alongside community and public health organizations as well as credentialed health and well-being experts to understand needs and how KDP can support solutions.	not_assertion
Keurig Dr Pepper	26	With a company vision to provide a beverage for every need, anytime, anywhere, we are committed to offering product options within a balanced portfolio.	not_assertion
Keurig Dr Pepper	26	This means less sugar, more functionality and nutrients and smaller portion offerings.	not_assertion
Keurig Dr Pepper	26	This extends to collaborating with groups who are working to address health disparities in communities.	not_assertion
Keurig Dr Pepper	26	We continue to advocate for informed consumer decision-making by providing transparent, straightforward and easily comprehensible information on our packaging and online.	not_assertion
Keurig Dr Pepper	26	Management Approach KDP’s cross-functional teams, including Product Development, Scientific & Regulatory Affairs, Operations, Marketing, Commercial Sales, Engineering and Corporate Affairs collaborate to advance our consumer health and well-being efforts.	not_assertion
Keurig Dr Pepper	26	Specific to our positive hydration goal, as defined on page 27, we work with Partnership for Healthier America (PHA), a nonprofit committed to advancing access to nutritious food for all in America.	not_assertion
Keurig Dr Pepper	26	We also have compliance programs and review systems to implement KDP’s product safety and quality standards which are aligned to legal and regulatory requirements.	not_assertion
Keurig Dr Pepper	26	All of KDP’s products comply with applicable regulations set by the U.S. Food and Drug Administration (FDA), the Canadian Food Inspection Agency (CFIA), Health Canada (HC) and Mexico’s Federal Commission for Protection against Health Risks (COFREPRIS) and Office of the Federal Prosecutor for the Consumer (PROFECO).	length
Keurig Dr Pepper	26	In addition, we comply with the U.S. Department of Agriculture’s (USDA) Smart Snacks in School standards.	not_assertion
Keurig Dr Pepper	26	We go one step further in the U.S. by displaying voluntary front-of-pack calorie labels on many beverage containers.	not_assertion
Keurig Dr Pepper	26	For our Keurig coffee makers, rigorous development and safety processes and procedures are overseen by teams within our Global Product Organization, including the Appliance Safety Management Committee and the Appliance Product Safety Council.	governance_role
Keurig Dr Pepper	26	They include KDP’s Chemicals Management Policy, Responsible Marketing Policy, Responsible Public Policy Advocacy in the United States Policy and Supplier Code of Conduct.	not_assertion
Keurig Dr Pepper	26	Where it cannot be avoided, suppliers shall have a responsible animal testing policy and procedures in place.	not_assertion
Keurig Dr Pepper	26	KDP does not test our products on animals.	not_assertion
Keurig Dr Pepper	26	Ongoing Challenges • Expanding equitable access to low calorie/low sugar beverage options for consumers across diverse and varied markets • Combating public confusion and misinformation about ingredients and product safety • Balancing consumer taste and visual preferences with stakeholder expectations Future Opportunities • Renovating and innovating products that reduce sugar and calories and/or deliver functional benefits • Exploring in-store merchandising and marketing strategies to expand distribution of beverages that meet retailer nutrition criteria • Continuing to engage key stakeholders, including NGOs, government and public health officials and advocacy groups CONSUMER HEALTH & WELL-BEING STRATEGY Renovation, Innovation & Transparency to Empower Consumer Choice Responsible Marketing & Merchandising to Expand Access to Product Options with Low Calories, Zero Sugar or Functional Benefits Product/Ingredient Quality & Safety Read more: Corporate Governance & Ethics Our Impact Glossary 2024 KEURIG DR PEPPER IMPACT REPORT 26 Overview Climate & Nature Action Water Use & Stewardship Packaging & Circular Economy Human Rights, Responsible Sourcing & Supply Chain Livelihoods Consumer Health & Well-Being Employee Health, Safety & Well-Being Corporate Governance & Ethics Appendix	length
Keurig Dr Pepper	27	2024 Progress We have committed that, by 2025, 60% of our product portfolio in the U.S. will provide positive hydration.	not_assertion
Keurig Dr Pepper	27	At year-end 2024, we achieved our goal one year ahead of schedule with 60% of our products meeting our definition of positive hydration.	not_assertion
Keurig Dr Pepper	27	We achieved this progress by continuing to expand our range of choices across our brands through innovation within KDP’s portfolio as well as investments and acquisitions with our partner brands.	not_assertion
Keurig Dr Pepper	27	We also discontinued certain products in favor of those that better meet the needs of the consumer and optimize our supply chain.	not_assertion
Keurig Dr Pepper	27	In addition to offering more products that meet our positive hydration definition, based on sales-weighted average we have reduced added sugar in U.S. Refreshment Beverages by 1.7% from 2023 and 7% since 2020.	not_assertion
Keurig Dr Pepper	27	With the achievement of our positive hydration goal in the U.S., we have been evaluating opportunities for positive impact in both the U.S. and Canada that are tailored to each distinct market reality, dynamic regulatory landscape and consumer needs.	not_assertion
Keurig Dr Pepper	27	We will continue to disclose the following metrics for the U.S. in the 2025 Impact Report: • Percentage of our product portfolio that meets our definition of positive hydration • Percentage of our marketing budget that promotes positive hydration products • Percentage of added sugar reduced from our portfolio of products (based on sales-weighted average) • Compliance with our responsible marketing policy In Canada, we have spent the past few years collaborating with industry experts and stakeholders to inform our Canadian Health & Well-Being journey.	length
Keurig Dr Pepper	27	Read more: Goal Methodology & Progress Summary Glossary Data Table A product meets the positive hydration criteria if it: provides a serving of fruits or vegetables (with no added sugar) OR is 40 calories or less per serving14 with a functional attribute15 or at least 10% Daily Value of a nutrient to encourage16.	length
Keurig Dr Pepper	27	POSITIVE HYDRATION PROGRESS 2020 54% 2021 56% 2022 57% 2023 59% 2024 60% GOAL ACHIEVED KDP Impact Commitments Summary 2024 KEURIG DR PEPPER IMPACT REPORT 27 Overview Climate & Nature Action Water Use & Stewardship Packaging & Circular Economy Human Rights, Responsible Sourcing & Supply Chain Livelihoods Consumer Health & Well-Being Employee Health, Safety & Well-Being Corporate Governance & Ethics Appendix	length
Keurig Dr Pepper	28	Our Work in Action EMPOWERING CONSUMER CHOICE Renovation We renovated the formula of Bai in 2024 to improve the sweetener profile based on taste.	not_assertion
Keurig Dr Pepper	28	While the beverage remained a low calorie option with one gram of sugar per 18 fl oz., the new formula reduced the previous formula’s lingering aftertaste.	not_assertion
Keurig Dr Pepper	28	We also added additional functional ingredients, such as zinc which, in combination with Vitamin C or E, can help support a healthy immune system.	not_assertion
Keurig Dr Pepper	28	That, along with the addition of electrolytes, was in direct response to our consumers’ evolving needs for flavorful and functional hydration.	not_assertion
Keurig Dr Pepper	28	Innovation 2024 was a successful year of KDP flavor innovation.	not_assertion
Keurig Dr Pepper	28	Most notable was the popularity of Dr Pepper Creamy Coconut, our most successful limited-time-offering CSD to date, and the introduction of Canada Dry Fruit Splash Cherry, which achieved the top spot among all new CSD flavor innovations for the year17.	not_assertion
Keurig Dr Pepper	28	Both innovations included companion zero-sugar options, further expanding KDP’s extensive portfolio of sugar-free beverages.	not_assertion
Keurig Dr Pepper	28	Transparency We continued to host websites for the U.S. and Canada to provide detailed information about our products.	not_assertion
Keurig Dr Pepper	28	These websites offer comprehensive nutrition, allergen and certification information, allowing visitors to easily compare products, check compliance with USDA Smart Snacks in schools or verify Fair Trade certification and review packaging attributes such as recycled content and nutritional information for fountain beverages based on product, cup size and ice level.	length
Keurig Dr Pepper	28	EXPANDING ACCESS TO A BALANCED PRODUCT PORTFOLIO Giant Community Impact Hutch Program KDP and grocer Giant Food partnered to take over the “Healthy Hutch” incremental shelf at all 165 Giant Food stores in the U.S. in late 2024.	not_assertion
Keurig Dr Pepper	28	Over a three-month period, the Giant Foods Healthy Living team featured one of KDP’s products in the Community Impact Hutch as “Handpicked by Our Nutritionists.” Rotated monthly, the KDP product (either Core Hydration, Bai or Snapple Zero Sugar) was offered at a sale price and highlighted in the Giant Food circular as “Products that are a Better Option for Healthier Choices.” The program resulted in a sales increase of more than 80% and indicated more shoppers purchasing these options on display18.	length
Keurig Dr Pepper	28	Responsible Marketing In the U.S., we are a member of the Better Business Bureau’s Children’s Food and Beverage Advertising Initiative (CFBAI).	not_assertion
Keurig Dr Pepper	28	In 2024, we updated our Chemicals Management Policy to reaffirm our responsible management of Chemicals of Concern.	not_assertion
Keurig Dr Pepper	28	The Policy applies to all raw materials including water, ingredients and packaging materials related to KDP-branded food and beverage products and appliances.	not_assertion
Keurig Dr Pepper	28	In 2024, these included: • Brooklyn Roasting Company • Kahawa 1893 • Black Rifle Coffee Company • Bloom Energy Drinks • C4 Smart Energy • Canada Dry Fruit Splash Zero Read more: Our Impact 2024 KEURIG DR PEPPER IMPACT REPORT 28 Overview Climate & Nature Action Water Use & Stewardship Packaging & Circular Economy Human Rights, Responsible Sourcing & Supply Chain Livelihoods Consumer Health & Well-Being Employee Health, Safety & Well-Being Corporate Governance & Ethics Appendix	length
Keurig Dr Pepper	29	EMPLOYEE HEALTH, SAFETY & WELL-BEING Supporting our employees is the foundation for generating sustainable business performance and for building strong, vibrant communities where we live and work.	not_assertion
Keurig Dr Pepper	29	KEY HIGHLIGHTS • 81% of KDP employees in 2024 report feeling engaged • 83% of employees report feeling proud to work for KDP in 2024 • Recognized on Forbes America’s Best Large Employers and Fortune’s Most Admired Companies lists in 2024 • 40% reduction in recordable safety incidents in U.S. manufacturing locations that produce liquid refreshment beverages, compared to the prior year • 220+ grants funded by and issued to employees in need from KDP’s Employee Relief Fund • Increased employee volunteerism and community engagement to more than 7,600 hours in 2024 Read more: Goal Methodology & Progress Summary 2024 KEURIG DR PEPPER IMPACT REPORT 29 Overview Climate & Nature Action Water Use & Stewardship Packaging & Circular Economy Human Rights, Responsible Sourcing & Supply Chain Livelihoods Consumer Health & Well-Being Employee Health, Safety & Well-Being Corporate Governance & Ethics Appendix	length
Keurig Dr Pepper	30	We encourage our team members to “Drink in the Possibilities” of a career at KDP.	not_assertion
Keurig Dr Pepper	30	Our culture is based around four core values that guide how we engage with each other in an open and inclusive environment, while pushing each other with high standards and accountability.	not_assertion
Keurig Dr Pepper	30	Ongoing Challenges • Competing for a highly skilled workforce while navigating labor shortages, inflation in labor costs and employee turnover, particularly in frontline roles • Evolving our reporting to reflect a dynamic landscape, including changing regulatory requirements • Supporting operational and community resilience given the increasing frequency and severity of natural disasters Future Opportunities • Investing in and implementing enhanced tools, resources and data to help us attract, develop and retain top talent, improving the overall employee experience • Continue to evaluate our total reward package to ensure our benefits and wellness offerings remain competitive and inspire our employees to prioritize their total well-being • Increasing awareness, access and opportunities for participation of employees in volunteer activities and community engagement initiatives EMPLOYEE HEALTH, SAFETY & WELL-BEING STRATEGY BRING YOUR FLAVOR: CONNECTION & ENGAGEMENT We encourage our employees to collaborate and learn from each other every day.	length
Keurig Dr Pepper	30	We emphasize that KDP is a place where we all belong, everyone has a voice and different perspectives are valued.	not_assertion
Keurig Dr Pepper	30	This is essential to both creating a great experience for our team members and for the success of our company.	not_assertion
Keurig Dr Pepper	30	We encourage team members to own their career paths and help set their professional trajectory.	not_assertion
Keurig Dr Pepper	30	Efforts in this area include our learning and development programs, the talent management and performance management processes20 and our trainings for managers.	not_assertion
Keurig Dr Pepper	30	Efforts in this area include our KDP benefits and wellness programs, the hybrid work environment we offer along with our health and safety programs.	not_assertion
Keurig Dr Pepper	30	Efforts in this area include our community engagement programs and our employee communications efforts to ensure team members are up to date on our brand news and KDP Impact work.	not_assertion
Keurig Dr Pepper	30	Our Corporate Code of Conduct defines the expectations we have of our employees to conduct business legally and ethically.	not_assertion
Keurig Dr Pepper	30	In addition, our Human Rights Position Statement outlines core standards and expectations we have established for our employees in areas including human rights and building inclusive workplaces.	not_assertion
Keurig Dr Pepper	30	Specific to community engagement, we follow our Charitable Giving Guidelines and use the Benevity system to screen all community partners and ensure they are reputable, registered nonprofit organizations.	not_assertion
Keurig Dr Pepper	30	Read more: Corporate Governance & Ethics Our Impact Glossary 2024 KEURIG DR PEPPER IMPACT REPORT 30 Overview Climate & Nature Action Water Use & Stewardship Packaging & Circular Economy Human Rights, Responsible Sourcing & Supply Chain Livelihoods Consumer Health & Well-Being Employee Health, Safety & Well-Being Corporate Governance & Ethics Appendix	length
Keurig Dr Pepper	31	With the aspiration to have top beverage talent with a challenger mindset, we supported our teams through competitive benefits, career development opportunities and a workplace culture built on safety, respect, inclusivity and trust.	not_assertion
Keurig Dr Pepper	31	We supported our team members with total rewards packages that provided eligible employees access to medical, dental, vision, life insurance, retirement benefits and disability benefits, as well as assistance with major life activities such as adoption, childbirth and back-up childcare, among other benefits.	not_assertion
Keurig Dr Pepper	31	Our annual employee engagement survey solicited feedback from all team members on topics that included culture, engagement, well-being, development, leadership and work environment.	not_assertion
Keurig Dr Pepper	31	With 91% of employees participating in the 2024 survey, findings showed that 81% of KDP employees are engaged, committed to staying with KDP and have a strong sense of accomplishment from their work, up from 80% in 2023.	reference_dense
Keurig Dr Pepper	31	2024 GLOBAL COMMUNITY ENGAGEMENT HIGHLIGHTS KDP, and our family of brands, are dedicated to supporting positive local impact and building community resilience through corporate partnerships, employee giving and volunteerism and brand and retail activations.	not_assertion
Keurig Dr Pepper	31	products provided in disaster relief 327,000+ hours volunteered by KDP employees 7,600+ of supporting students through the Dr Pepper Tuition Giveaway Program, including awarding over $20 million in tuition support 30 YEARS grants issued to employees in need from the Employee Relief Fund 220+ bottles of Mott’s apple juice provided to American Red Cross blood donation centers 33,000+ Read more: Goal Methodology & Progress Summary Glossary Data Table Employer Information Report (EEO-1 Component 1) KDP Impact Commitments Summary 2024 KEURIG DR PEPPER IMPACT REPORT 31 Overview Climate & Nature Action Water Use & Stewardship Packaging & Circular Economy Human Rights, Responsible Sourcing & Supply Chain Livelihoods Consumer Health & Well-Being Employee Health, Safety & Well-Being Corporate Governance & Ethics Appendix	length
Keurig Dr Pepper	32	Our Work in Action BRINGING YOUR FLAVOR More than 3,200 KDP employees are members or allies of one or more of our eight ERGs that help build connection and community.	not_assertion
Keurig Dr Pepper	32	In 2024, these groups hosted over 150 events and activities focused on KDP culture, career, community and company.	not_assertion
Keurig Dr Pepper	32	The winning entrants included ideas related to championing brand building, shaping our now and next beverage portfolio and generating fuel for growth.	not_assertion
Keurig Dr Pepper	32	Also in 2024, we added Frontline Engagement Pillar Leads for each of our ERGs to amplify their activities to our frontline employees.	not_assertion
Keurig Dr Pepper	32	This response rate reflects a two percentage point (pp) increase from 2023, and it is the highest response rate to date for KDP.	not_assertion
Keurig Dr Pepper	32	Employees also reported improvements in favorability across key measures: • 3.5 pp increase of managers providing useful performance feedback • 2.8 pp increase of team members agreeing that their opinions matter • 2.0 pp increase of team members agreeing that KDP cares about employee health and well-being UNCAPPING YOUR POTENTIAL In 2024, KDP identified manager effectiveness as a key driver of employee experience and sought to create a measurement system that would enable leaders to understand and enhance their impact through targeted actions.	length
Keurig Dr Pepper	32	To explore this, we developed a pilot program with a select group of frontline and non-frontline managers.	not_assertion
Keurig Dr Pepper	32	Frontline leaders saw increases in nine of 10 leadership metrics.	not_assertion
Keurig Dr Pepper	32	The average improvement led to a 10% favorability compared to other manufacturing sites and a 3% increase compared to other corporate functions.	not_assertion
Keurig Dr Pepper	32	FUELING YOUR WELL-BEING Each year KDP evaluates the total rewards packages to ensure benefits and wellness offerings remain competitive and inspire employees to prioritize their well-being.	not_assertion
Keurig Dr Pepper	32	We added two new medical plan options in 2024 to give employees more choice in costs, deductibles and premiums, allowing them to choose a healthcare plan based on their personal wellness journey.	not_assertion
Keurig Dr Pepper	32	We also expanded mental health offerings, providing team members and their household a free paid subscription to a best-in-class resiliency app.	not_assertion
Keurig Dr Pepper	32	We held eight Employee Health & Safety boot camps, which included executing a multi-day training curriculum for our frontline leadership such as plant management, supervisors and shift leads.	not_assertion
Keurig Dr Pepper	32	We also introduced 50 new tractor units with advanced driver assistance systems including lane departure, adaptive cruise control and collision mitigation technology.	not_assertion
Keurig Dr Pepper	32	In addition, we upgraded and deployed an enterprise mass communications technology to rapidly notify employees on adverse risk alerts near their work location and check on their welfare.	not_assertion
Keurig Dr Pepper	32	2024 KEURIG DR PEPPER IMPACT REPORT 32 Overview Climate & Nature Action Water Use & Stewardship Packaging & Circular Economy Human Rights, Responsible Sourcing & Supply Chain Livelihoods Consumer Health & Well-Being Employee Health, Safety & Well-Being Corporate Governance & Ethics Appendix	navigation
Keurig Dr Pepper	33	Red Cross Partnership KDP has a multi-year partnership with the American Red Cross and the Canadian Red Cross to provide support to families and communities in need across the U.S. and Canada through both financial support and in-kind donations.	not_assertion
Keurig Dr Pepper	33	In 2024, we supported American Red Cross employees and volunteers at disaster centers with Keurig brewers and coffee.	not_assertion
Keurig Dr Pepper	33	In addition, we supplied Mott’s apple juice to blood drives across the U.S.	not_assertion
Keurig Dr Pepper	33	The Canadian Red Cross, Walmart and KDP Canada teamed up to run their first cause marketing campaign with the Keurig brand.	not_assertion
Keurig Dr Pepper	33	The initiative raised $100,000 CAD in donations to the Canadian Red Cross and increased sales for Keurig by over 54% during the campaign.	not_assertion
Keurig Dr Pepper	33	Engage for Good KDP’s Engage for Good program provides employees with matching donations and volunteer grants as a reward for those who volunteer in their communities.	not_assertion
Keurig Dr Pepper	33	In 2024, we increased employee volunteerism hours to more than 7,600, and our employees made a positive impact in some of the following ways: • In partnership with Good360, our team in Sacramento, California assembled 2,500 daily sanitation kits and wrote letters of encouragement to benefit local organizations.	length
Keurig Dr Pepper	33	These kits include vital hygiene products such as soap, shampoo, conditioner, ear plugs, sleep masks and disposable washcloths, offering essential support to individuals in underserved communities.	not_assertion
Keurig Dr Pepper	33	• KDP employees came together in McKinney, Texas to lend a hand at Grace Bridge, a local nonprofit dedicated to providing necessities to those in need.	not_assertion
Keurig Dr Pepper	33	Local employees sorted and packed canned goods for individuals and families facing food insecurity.	not_assertion
Keurig Dr Pepper	33	• In partnership with the American Red Cross, a group of senior leaders came together to support community disaster preparedness.	not_assertion
Keurig Dr Pepper	33	The team filled packs with water, emergency medical supplies and survival equipment to be distributed readily to people in need following a disaster.	not_assertion
Keurig Dr Pepper	33	These daily necessities are some of the first things communities need when rebuilding from storms and are a staple of the support the American Red Cross provides across the nation.	not_assertion
Keurig Dr Pepper	33	Disaster Relief KDP provides critical products and resources to individuals and families in the wake of crises and natural disasters.	not_assertion
Keurig Dr Pepper	33	In 2024, we partnered with Good360 and Operation Blessing to supply beverages to those impacted by natural disasters, like Hurricane Helene that impacted the Southeastern U.S.	not_assertion
Keurig Dr Pepper	33	In addition, we continued to facilitate grants funded by and awarded to U.S. employees through our Employee Relief Fund, a 501(c)(3) NGO that supports KDP employees and their immediate family members who experience a disaster or emergency hardship.	not_assertion
Keurig Dr Pepper	33	Read more: Our Impact KDP Careers 2024 KEURIG DR PEPPER IMPACT REPORT 33 Overview Climate & Nature Action Water Use & Stewardship Packaging & Circular Economy Human Rights, Responsible Sourcing & Supply Chain Livelihoods Consumer Health & Well-Being Employee Health, Safety & Well-Being Corporate Governance & Ethics Appendix	length
Keurig Dr Pepper	34	CORPORATE GOVERNANCE & ETHICS Strong governance structures and ethical business practices help to build trust with our stakeholders and generate sustainable business performance.	not_assertion
Keurig Dr Pepper	34	2024 KEURIG DR PEPPER IMPACT REPORT 34 Overview Climate & Nature Action Water Use & Stewardship Packaging & Circular Economy Human Rights, Responsible Sourcing & Supply Chain Livelihoods Consumer Health & Well-Being Employee Health, Safety & Well-Being Corporate Governance & Ethics Appendix	navigation
Keurig Dr Pepper	35	Strategy We believe strong corporate governance and ethics provides the foundation for a culture of integrity, transparency and responsibility.	not_assertion
Keurig Dr Pepper	35	In this role, the Board approves our commitments and monitors progress in our seven Key Impact Areas: Climate & Nature Action, Water Use & Stewardship, Packaging & Circular Economy, Human Rights, Responsible Sourcing & Supply Chain Livelihoods, Consumer Health & Well-Being and Employee Health, Safety & Well-Being.	length
Keurig Dr Pepper	35	The personal and professional backgrounds and experiences of our Board enhance its effectiveness and ability to provide broad perspectives and constructive feedback to management.	not_assertion
Keurig Dr Pepper	35	More information on our Board is available on our website and in our 2025 Proxy Statement.	not_assertion
Keurig Dr Pepper	35	BOARD COMPOSITION* Read more: Climate & Nature Action Water Use & Stewardship Packaging & Circular Economy Human Rights, Responsible Sourcing & Supply Chain Livelihoods Consumer Health & Well-Being Employee Health, Safety & Well-Being Glossary Our Impact 89% 89% are “independent” under Nasdaq listing rules 33% 33% are women *As of June 18, 2025 KDP Impact Oversight CORPORATE GOVERNANCE & ETHICS STRATEGY Corporate Policies & Compliance Advocacy & Public Policy Data Privacy & Cybersecurity 2024 KEURIG DR PEPPER IMPACT REPORT 35 Overview Climate & Nature Action Water Use & Stewardship Packaging & Circular Economy Human Rights, Responsible Sourcing & Supply Chain Livelihoods Consumer Health & Well-Being Employee Health, Safety & Well-Being Corporate Governance & Ethics Appendix	length
Keurig Dr Pepper	36	Our Work in Action KDP IMPACT OVERSIGHT While the full Board is responsible for oversight of KDP’s overall environmental sustainability, social responsibility and corporate governance strategy, the Remuneration and Nomination Committee of the Board, along with KDP’s Executive Leadership Team, Sustainability Governance Committee, Chief Corporate Affairs & Sustainability Officer and cross-functional KDP teams that include leaders from all areas of the business, provide specific management, advisory, accountability and collaboration capabilities in support of these efforts.	length
Keurig Dr Pepper	36	CORPORATE POLICIES & COMPLIANCE Our suite of policies and programs outline the expectations we have of our company and employees to act in a professional, ethical and legal manner.	not_assertion
Keurig Dr Pepper	36	KDP’s Corporate Code of Conduct is an expression of our values and provides guideposts for employees and directors to make the right decisions and act responsibly.	not_assertion
Keurig Dr Pepper	36	Our policies cover topics including anti-bribery, anti-competitive behavior, insider trading and disclosure in addition to the statements and policies covered in other sections in this report.	not_assertion
Keurig Dr Pepper	36	KDP employees are required to hold themselves and each other accountable to all policies and the law.	not_assertion
Keurig Dr Pepper	36	We offer a 24/7 “Speaking Up” hotline, managed by an independent third party, for employees to anonymously report any potential violations of our Code of Conduct or related concerns.	not_assertion
Keurig Dr Pepper	36	REMUNERATION AND NOMINATION COMMITTEE OF THE BOARD Assists the Board with oversight of human capital management strategy and corporate governance.	governance_role
Keurig Dr Pepper	36	EXECUTIVE LEADERSHIP TEAM Works to promote alignment of our KDP Impact agenda and strategies with our long-term business objectives, provides advisory support on programs and monitors progress.	not_assertion
Keurig Dr Pepper	36	SUSTAINABILITY GOVERNANCE COMMITTEE Provides cross-functional decision-making and alignment with business strategy, oversees progress toward commitments and reviews and monitors the preparation of our Impact Report and other related disclosures, comprised of select Executive Leadership Team members and other key leaders.	governance_role
Keurig Dr Pepper	36	CHIEF CORPORATE AFFAIRS & SUSTAINABILITY OFFICER In collaboration with cross-functional teams, establishes robust social and environmental agenda and strategic priorities throughout the organization, identifies and addresses challenges, enhances disclosure and monitors emerging trends.	not_assertion
Keurig Dr Pepper	36	2024 KEURIG DR PEPPER IMPACT REPORT 36 Overview Climate & Nature Action Water Use & Stewardship Packaging & Circular Economy Human Rights, Responsible Sourcing & Supply Chain Livelihoods Consumer Health & Well-Being Employee Health, Safety & Well-Being Corporate Governance & Ethics Appendix	navigation
Keurig Dr Pepper	37	ADVOCACY & PUBLIC POLICY We believe we have a duty and responsibility to participate in the collaborative public policy- making process and strive to maintain a strong voice in shaping policy agendas that are critical to our continued growth and KDP Impact agenda.	general_statement
Keurig Dr Pepper	37	These include, but are not limited to, doing our part to work to restore resources for a more circular economy, supporting sustainable global agricultural supply chains, reinforcing responsible marketing and labeling and ensuring product quality and food safety.	navigation
Keurig Dr Pepper	37	KDP’s advocacy efforts include direct engagement with public officials, participation in trade associations, coalitions and stakeholder meetings.	not_assertion
Keurig Dr Pepper	37	All advocacy activities and contributions comply with applicable U.S. laws and regulations.	not_assertion
Keurig Dr Pepper	37	KDP discloses its U.S. federal, state and local lobbying activity and expenditures as required by law via the Lobbying Disclosure website.	not_assertion
Keurig Dr Pepper	37	We also voluntarily publish a report every year which details our trade association memberships, including those associations that received more than $25,000 per year in non-deductible fees for federal lobbying expenditures.	not_assertion
Keurig Dr Pepper	37	We voluntarily publish a report which details third parties who are registered to directly advocate on KDP’s behalf.	not_assertion
Keurig Dr Pepper	37	This information is outlined in our Policy on Responsible Public Policy Advocacy in the United States.	not_assertion
Keurig Dr Pepper	37	We also administer the KDP Political Action Committee (PAC) which is registered with the Federal Election Commission and funded solely through voluntary contributions from eligible employees.	governance_role
Keurig Dr Pepper	37	PAC contributions are bipartisan and given to federal and state candidates, without regard to political party affiliation.	not_assertion
Keurig Dr Pepper	37	KDP has not solicited any KDP PAC contributions since 2018.	not_assertion
Keurig Dr Pepper	37	The KDP PAC’s Executive Committee has oversight of all political contributions and maintains a fund in a segregated account with Treasury oversight.	governance_role
Keurig Dr Pepper	37	All contributions are administered by an independent third party.	not_assertion
Keurig Dr Pepper	37	The KDP PAC did not make contributions in 2024.	not_assertion
Keurig Dr Pepper	37	KDP does not make direct corporate political contributions to candidates, parties, nor their committees even where permitted by applicable law.	governance_role
Keurig Dr Pepper	37	Read more in our Policy on Responsible Public Policy Advocacy in the United States.	not_assertion
Keurig Dr Pepper	37	KDP aims to comply with the privacy laws and regulations in all jurisdictions in which we operate.	not_assertion
Keurig Dr Pepper	37	In accordance with applicable privacy and security laws and in alignment with the National Institute of Standards Framework, KDP’s Privacy and Cybersecurity Programs implement and maintain a range of trainings, policies, processes and technical safeguards designed to protect our systems and preserve the confidentiality and integrity of personal information in our care.	length
Keurig Dr Pepper	37	We take precaution to avoid using data and technology in ways that are unethical or could lead to discrimination and exploitation or cause harm.	risk_description
Keurig Dr Pepper	37	This information is outlined in our Privacy Policy.	not_assertion
Keurig Dr Pepper	37	Read more: Our Impact 2024 KEURIG DR PEPPER IMPACT REPORT 37 Overview Climate & Nature Action Water Use & Stewardship Packaging & Circular Economy Human Rights, Responsible Sourcing & Supply Chain Livelihoods Consumer Health & Well-Being Employee Health, Safety & Well-Being Corporate Governance & Ethics Appendix	length
Keurig Dr Pepper	38	About this Report Read more: Appendix This progress report focuses on the goals, programs and initiatives that encompass our KDP Impact efforts for 2024.	not_assertion
Keurig Dr Pepper	38	Unless otherwise noted, this report covers data and activities for the calendar year 2024 from KDP’s wholly-owned operations.	not_assertion
Keurig Dr Pepper	38	The content covers the parts of our business in which we have operational control and does not include joint ventures, entities in which we hold a minority interest or franchised or outsourced operations, except where noted.	not_assertion
Keurig Dr Pepper	38	Selected data and information on our global supply chain activities are also included.	not_assertion
Keurig Dr Pepper	38	This report was created with reference to the Global Reporting Initiative (GRI) Index and is in alignment with the Sustainability Accounting Standards Board (SASB) Standards and the TCFD.	not_assertion
Keurig Dr Pepper	38	KDP is electing to use these frameworks to communicate our disclosures for this 2024 Impact Report.	not_assertion
Keurig Dr Pepper	38	Given the rapidly-evolving reporting landscape, we are evaluating the reporting frameworks we will use for the 2025 Impact Report.	not_assertion
Keurig Dr Pepper	38	For 2024, we have obtained limited third-party assurance of certain sustainability performance metrics by ERM CVS.	not_assertion
Keurig Dr Pepper	38	The assured data points are flagged in the Data Table and SASB Standards.	not_assertion
Keurig Dr Pepper	38	The ERM CVS Independent Assurance Report can also be viewed on our website.	not_assertion
Keurig Dr Pepper	38	KDP welcomes questions about, and feedback on, our KDP Impact work and invites anyone to contact us at sustainability@kdrp.com.	not_assertion
Keurig Dr Pepper	38	FORWARD-LOOKING STATEMENTS Certain statements contained herein are “forward- looking statements” within the meaning of applicable securities laws and regulations.	not_assertion
Keurig Dr Pepper	38	These forward-looking statements can generally be identified by the use of words such as “outlook,” “guidance,” “anticipate,” “expect,” “believe,” “could,” “estimate,” “feel,” “forecast,” “intend,” “may,” “plan,” “potential,” “project,” “should,” “target,” “will,” “would” and similar words.	not_assertion
Keurig Dr Pepper	38	Forward-looking statements by their nature address matters that are, to different degrees, uncertain.	not_assertion
Keurig Dr Pepper	38	These statements are based on the current expectations of our management, are not predictions of actual performance, and actual results may differ materially.	not_assertion
Keurig Dr Pepper	38	Forward-looking statements are subject to a number of risks and uncertainties, including the factors disclosed on our Form 10-K and subsequent filings with the SEC.	not_assertion
Keurig Dr Pepper	38	We are under no obligation to update, modify or withdraw any forward-looking statements, except as required by applicable law.	not_assertion
Keurig Dr Pepper	38	ESG MATERIALITY The definition of materiality with respect to ESG issues in this report is different than the definition of materiality in the context of our filings with the U.S. Securities and Exchange Commission (SEC).	not_assertion
Keurig Dr Pepper	38	The identification of material issues that guide our KDP Impact approach should not be construed as a characterization regarding the materiality or financial impact of such issues or related information to investors in KDP.	not_assertion
Keurig Dr Pepper	38	A discussion of the risks that are material to investors in KDP can be found on our Form 10-K for the year ended December 31, 2024, filed with the SEC, our subsequent Quarterly Reports on Form 10-Q and our Current Reports on Form 8-K. All can be found on our website.	length
Keurig Dr Pepper	38	2024 KEURIG DR PEPPER IMPACT REPORT 38 Overview Climate & Nature Action Water Use & Stewardship Packaging & Circular Economy Human Rights, Responsible Sourcing & Supply Chain Livelihoods Consumer Health & Well-Being Employee Health, Safety & Well-Being Corporate Governance & Ethics Appendix	navigation
Keurig Dr Pepper	39	Glossary TERM DEFINITION Circular Economy & Circularity Terms used to describe the efforts made to design products, packaging and processes for durability, reuse, recycling and/or composting while helping to support the necessary infrastructure to enable circularity.	not_assertion
Keurig Dr Pepper	39	Compostable Packaging Packaging that is able to be broken down into carbon dioxide, water and biomass within a specific time frame under specific conditions.	not_assertion
Keurig Dr Pepper	39	Compostable material can be made from either bio-based or petrochemical inputs and is subject to third-party certification.	not_assertion
Keurig Dr Pepper	39	Consumers People who buy and use our products for the purpose of personal use and consumption.	not_assertion
Keurig Dr Pepper	39	Customers Retailers that buy products from KDP and sell to consumers.	not_assertion
Keurig Dr Pepper	39	Extended Producer Responsibility A policy approach that assigns producers responsibility for the end-of-life of their products.	not_assertion
Keurig Dr Pepper	39	This can include both financial responsibility and operational responsibility.	not_assertion
Keurig Dr Pepper	39	TERM DEFINITION High-Intensity Sweeteners Sugar substitutes or sugar alternatives that are used in a variety of beverages across our portfolio.	not_assertion
Keurig Dr Pepper	39	These include Acesulfame-K, Aspartame, Erythritol, monk fruit extract, stevia, sodium saccharine and sucralose.	not_assertion
Keurig Dr Pepper	39	Net Positive Water Impact Efforts to reduce water stress by focusing on water availability, quality and access and that contributions exceed impacts on water stress in the same region, as quantified by established methodologies and measured via both short-term outputs and long-term outcomes.	methodology
Keurig Dr Pepper	39	Positive Hydration Positive hydration A KDP product that provides a serving of fruits or vegetables (with no added sugar) OR is 40 calories or less per serving with a functional attribute or at least 10% Daily Value of a nutrient to encourage.	not_assertion
Keurig Dr Pepper	39	Functional attribute A food product that together with its basic nutritional impact has a beneficial effect on one or more functions of the human organism either improving the general physical conditions or/and decreasing the risk of the evolution of disease.	risk_description
Keurig Dr Pepper	39	Nutrient to encourage Essential nutrients such as protein, fiber, vitamins and minerals.	not_assertion
Keurig Dr Pepper	39	Priority Inputs Materials of importance to KDP's business, including apple, apple juice concentrate, cocoa, coffee, corn, high-intensity sweeteners and tomato paste, as well as our brewers and certain brewer components critical to brewer function and quality.	not_assertion
Keurig Dr Pepper	39	Priority status is determined by the input’s importance to KDP by magnitude of spending, its social and environmental risk profile and our unique opportunity for impact within the supply chain.	not_assertion
Keurig Dr Pepper	39	Producer Responsibility Organization A company or entity, often a nonprofit like the Circular Action Alliance, established by manufacturers to fulfill their legal Extended Producer Responsibility obligations related to the collection, recycling and disposal of waste generated by their products, particularly in sectors like packaging.	not_assertion
Keurig Dr Pepper	39	2024 KEURIG DR PEPPER IMPACT REPORT 39 Overview Climate & Nature Action Water Use & Stewardship Packaging & Circular Economy Human Rights, Responsible Sourcing & Supply Chain Livelihoods Consumer Health & Well-Being Employee Health, Safety & Well-Being Corporate Governance & Ethics Appendix	navigation
Keurig Dr Pepper	40	TERM DEFINITION Recyclable Packaging Packaging for which design is not a barrier to the packaging being successfully collected, sorted and reprocessed into another material, a product component or a recycled raw material.	not_assertion
Keurig Dr Pepper	40	"We likewise consider plastic packaging to be recyclable if it is deemed ""recyclable with detrimental features"" by the APR."	not_assertion
Keurig Dr Pepper	40	Conservation is the act of bringing non-agricultural land into conservation protection or supporting an increase in protections and/or stewardship on already conserved lands.	not_assertion
Keurig Dr Pepper	40	Responsible Sourcing Our approach to help safeguard fundamental human rights and environmental protections across our supply chain.	navigation
Keurig Dr Pepper	40	For coffee and cocoa, we rely on verification or third-party certification programs.	not_assertion
Keurig Dr Pepper	40	For factory-based inputs, we use KDP’s Supplier Rating System.	not_assertion
Keurig Dr Pepper	40	KDP-managed Brewer Suppliers KDP-managed brewer component suppliers Suppliers that are critical to brewer function and quality where KDP negotiates volume and price.	not_assertion
Keurig Dr Pepper	40	These include all Tier 1 Brewer Suppliers and a portion of Tier 2 Brewer Suppliers.	not_assertion
Keurig Dr Pepper	40	Tier 1 brewer suppliers Contract manufacturers that assemble our brewers.	not_assertion
Keurig Dr Pepper	40	Tier 2 brewer suppliers Component suppliers that provide component parts to final assembly manufacturers.	not_assertion
Keurig Dr Pepper	40	Value Chain A value chain is the complete journey of a product or process, covering all stages from material sourcing to end-of-life.	not_assertion
Keurig Dr Pepper	40	It includes sourcing, production, distribution and disposal, highlighting the interconnectedness of each step.	not_assertion
Keurig Dr Pepper	40	TERM DEFINITION Virgin Plastic Newly manufactured resin produced from petrochemical or biomass feedstock used as the raw material for the manufacture of plastic products and which has not been used or processed before.	not_assertion
Keurig Dr Pepper	40	Volumetric Water Benefit Accounting A method to estimate the volumetric water benefits of water stewardship activities, and associated guidance related to planning, project selection and assessment.	not_assertion
Keurig Dr Pepper	40	2024 KEURIG DR PEPPER IMPACT REPORT 40 Overview Climate & Nature Action Water Use & Stewardship Packaging & Circular Economy Human Rights, Responsible Sourcing & Supply Chain Livelihoods Consumer Health & Well-Being Employee Health, Safety & Well-Being Corporate Governance & Ethics Appendix	navigation
Keurig Dr Pepper	41	Endnotes 1 Circana MULO+ w/convenience 52W ended 12/29/24; NPD Crest full year 2024, Nielsen Discover 52W ended 12/28/24.	not_assertion
Keurig Dr Pepper	41	2 The definition of materiality with respect to ESG issues in this report is different than the definition of materiality in the context of our filings with the U.S. Securities and Exchange Commission (SEC).	not_assertion
Keurig Dr Pepper	41	4 FLAG stands for SBTi’s methodology for the Forest, Land and Agriculture Sector.	not_assertion
Keurig Dr Pepper	41	5 Net Positive Water Impact is defined as contributing more to basin health than what is taken from it, per the Water Resilience Coalition (Global Business Leaders Unite for Water Resilience).	not_assertion
Keurig Dr Pepper	41	6 According to The Recycling Partnership, the U.S. recycling system is not a unified or governmental entity, but rather a network of more than 9,000 separate local recycling programs.	not_assertion
Keurig Dr Pepper	41	Each individual program has specific parameters for which materials can be recycled and municipalities collect recyclables in different ways.	not_assertion
Keurig Dr Pepper	41	8 In 2024, 0.32% of coffee was received as conventional due to irregular rain patterns delaying the crop in Uganda and logistical challenges resulting from the unavailability of the Suez Canal as a transport route.	not_assertion
Keurig Dr Pepper	41	9 We estimate that our global coffee supply chain includes over 100,000 farmers, plus many more workers employed on the farms.	not_assertion
Keurig Dr Pepper	41	This means that our products are intricately linked to the work and livelihoods of those people.	not_assertion
Keurig Dr Pepper	41	10 High-Intensity Sweeteners include Acesulfame-K, Aspartame, Erythritol, monk fruit extract, stevia, sodium saccharine and sucralose.	not_assertion
Keurig Dr Pepper	41	11 KDP’s coffee responsible sourcing program consists of: (1) working with second-party verification and third-party certification partners that have been vetted by the Global Coffee Platform (GCP) (as of June 2025, KDP’s accepted partners include Fairtrade International, Fair Trade USA, the Rainforest Alliance, 4C, AtSource Entry Verified by ofi, ECOM SMS, Guaxupe Planet, NKG Verified, RGC Coffee 3E, RSP Advanced by Louis Dreyfus Company, Sucafina IMPACT, Volcafe Excellence, Volcafe Verified); (2) requiring the completion of independent, third-party audits on coffee farms to verify compliance with standards and remediation of key issues; (3) mandating our external partners share standardized data with us on traceability, risk and impact.	length
Keurig Dr Pepper	41	Second-party verification and third-party certification partners audit a representative sample of farms.	not_assertion
Keurig Dr Pepper	41	Under the commonly employed industry approach, the baseline number of farms to audit equals the square root of the total number of farms.	not_assertion
Keurig Dr Pepper	41	That baseline can be adjusted up or down based on risk, and each verification or third-party certification partner will approach this differently.	not_assertion
Keurig Dr Pepper	41	The GCP, through its equivalence process, assesses programs to help ensure a robust management system is in place that is fit-for-purpose.	not_assertion
Keurig Dr Pepper	41	For all programs, KDP likewise requires them to disclose their sampling methodology as part of KDP’s approval process.	not_assertion
Keurig Dr Pepper	41	All suppliers receive a risk score of Low, Medium or High.	not_assertion
Keurig Dr Pepper	41	In some cases, supplier risk is further refined via a Self-Assessment Questionnaire (SAQ).	not_assertion
Keurig Dr Pepper	41	Factories that have a high-risk score must undergo a third-party audit adhering to one of KDP’s accepted audit standards.	not_assertion
Keurig Dr Pepper	41	We consider a high-risk factory compliant if it earns an audit rating of Meets or Exceeds Expectations.	not_assertion
Keurig Dr Pepper	41	For any that receive a Below Expectations rating, we work directly with those suppliers to remediate issues and verify corrective actions through additional onsite audits and specific trainings.	not_assertion
Keurig Dr Pepper	41	KDP accepts audit reports from the Responsible Business Alliance (RBA), Sedex Member Ethical Audits (SMETA), Social Accountability International (SAI) SA8000 and the Business Social Compliance Initiative (BSCI), all of which have created a mechanism to assess responsible business practices in supply chains.	not_assertion
Keurig Dr Pepper	41	In cases where factories have another comparable audit standard, we consider them for approval on a case-by-case basis.	not_assertion
Keurig Dr Pepper	41	13 A product meets the positive hydration criteria if it: provides a serving of fruits or vegetables (with no added sugar) OR is 40 calories or less per serving with a functional attribute or at least 10% Daily Value of a nutrient to encourage.	not_assertion
Keurig Dr Pepper	41	Positive hydration goal is for U.S. sales only; includes owned, licensed and partner brands and fountain beverages, excludes private label; examples of products that meet these criteria include non-caloric coffees and teas, 100% fruit juice with no added sugar, low calorie energy and soft drinks and sparkling, still and functional waters.	length
Keurig Dr Pepper	41	14 U.S. FDA definition of “low calorie,” Code of Federal Regulations, Title 21.	not_assertion
Keurig Dr Pepper	41	15 European Commission: “A food product that together with its basic nutritional impact has a beneficial effect on one or more functions of the human organism either improving the general physical conditions or/and decreasing the risk of the evolution of the disease.” Orrú S, et al.	length
Keurig Dr Pepper	41	Nutrients 2018.	length
Keurig Dr Pepper	41	16 Drewnowski A, et al.	not_assertion
Keurig Dr Pepper	41	Nutr Rev.	length
Keurig Dr Pepper	41	2019; Dietary Guidelines for Americans, 2000-2025.	not_assertion
Keurig Dr Pepper	41	17 Circana Total U.S. – Multi Outlet + Conv Time: Calendar Year 2024 Ending 12-29-24.	not_assertion
Keurig Dr Pepper	41	18 Compared to expected base sales for total KDP products.	not_assertion
Keurig Dr Pepper	41	19 KDP considers child-directed advertising to be a program or website where the audience generally consists of 25% or more of children under the age of 13.	not_assertion
Keurig Dr Pepper	41	This is a stricter standard than required by CFBAI, which considers media primarily directed at children under 13 when the audience is 35% or more of that age group.	not_assertion
Keurig Dr Pepper	41	Our hourly workforce receives ongoing feedback throughout the year.	not_assertion
Keurig Dr Pepper	41	Photo Credits: Oscar Leiva/Silverlight (page 1: Report Cover – Right; page 14: Improved Water Security in Central America); Iain White Photography (page 9: Utilizing Renewable Electricity in Ireland); RJ Wiley/Audubon (page 10: Water Use & Stewardship; page 13: Wetland Rehabilitation in Florida); Chicago Bears 2024 (page 19: Refill-Reuse Pilot); Ryan Kurtz 2023 (page 23: Manufactured Inputs); Yober Rivera/World Coffee Research (page 24: Investing to Preserve Agricultural Research); Jaysson Gallant (page 29: Employee Health, Safety & Well-Being); AP Images for Dr Pepper (page 31: 2024 Progress); Gold Media Inc (page 33: Engage for Good); Operation Blessing (page 33: Disaster Relief); FireTheCanon.com (page 35: Corporate Governance & Ethics Strategy) All amounts expressed in U.S. dollars unless noted.	length
Keurig Dr Pepper	41	All brands owned by their respective trademark owners.	not_assertion
Keurig Dr Pepper	41	All rights reserved.	length
Keurig Dr Pepper	41	2024 KEURIG DR PEPPER IMPACT REPORT 41 Overview Climate & Nature Action Water Use & Stewardship Packaging & Circular Economy Human Rights, Responsible Sourcing & Supply Chain Livelihoods Consumer Health & Well-Being Employee Health, Safety & Well-Being Corporate Governance & Ethics Appendix	navigation
Keurig Dr Pepper	42	APPENDIX 2024 KEURIG DR PEPPER IMPACT REPORT 42 Overview Climate & Nature Action Water Use & Stewardship Packaging & Circular Economy Human Rights, Responsible Sourcing & Supply Chain Livelihoods Consumer Health & Well-Being Employee Health, Safety & Well-Being Corporate Governance & Ethics Appendix	navigation
Keurig Dr Pepper	43	Data Table For details on the methodologies, boundaries and performance of the goals that these data support, see our Goal Methodology & Progress Summary.	not_assertion
Keurig Dr Pepper	43	2020 2021 2022 2023 2024 GHG Emissions & Energy SCOPE 1: Direct Emissions (MTCO2e)* 289,755† 294,455† 298,188† 286,787† 295,720† Stationary 116,081† 116,495† 134,628† 128,976† 127,501† Mobile 160,797† 162,642† 162,435† 156,686† 167,189† SCOPE 2: Indirect Emissions, Purchased Energy (MTCO2e)* Market-based 93,280† 81,091† 57,680† 36,721† 31,776† Location-based 165,076† 167,493† 168,450† 174,778† 180,744† SCOPE 3: Indirect Emissions, Value Chain (MTCO2e)* Category Breakdown: 8,455,045 10,039,170 11,271,169§ 10,600,175§ 11,286,588 Purchased Goods and Services 3,245,733 4,762,340 5,663,774§ 5,106,764§ 5,172,729 Capital Goods 45,134 53,177 51,757 51,623 43,856 Fuel-and-energy-related Activities (not included in Scope 1 or 2)** 97,180 88,351 82,976§ 78,273† 80,016† Upstream Transportation and Distribution*** 455,091 432,347 657,611§ 656,403§ 493,610† Waste Generated in Operations 7,365 7,323 11,184§ 11,103§ 10,229 Business Travel 4,243 2,616 17,187§ 35,603§ 28,156 Employee Commuting 50,833† 52,268† 49,103† 45,820† 46,981† Downstream Transportation and Distribution 1,073,631 1,106,642 1,115,535 1,081,598 1,235,700 Processing of Sold Products 2,726,216 2,856,423 2,876,039 2,772,831 3,146,180 Use of Sold Products**** 664,521 559,947 529,557 479,915† 490,724† End-of-life Treatment of Sold Products 85,058 117,735 158,387§ 144,552§ 164,037 Downstream Leased Assets 0 0 890§ 1,320 836 Investments N/R N/R 57,169 134,370 373,534 N/R = disclosures are not reported; N/A = disclosures are not applicable Year ended December 31 2024 KEURIG DR PEPPER IMPACT REPORT 43 Overview Climate & Nature Action Water Use & Stewardship Packaging & Circular Economy Human Rights, Responsible Sourcing & Supply Chain Livelihoods Consumer Health & Well-Being Employee Health, Safety & Well-Being Corporate Governance & Ethics Appendix	length
Keurig Dr Pepper	44	2020 2021 2022 2023 2024 GHG Emissions & Energy Total Energy Use (MWh) 1,812,598† 1,895,189† 1,924,265† 1,862,927† 1,919,385† Total Direct Energy Usage (MWh) 1,352,299† 1,398,647† 1,398,100† 1,337,084† 1,372,211† Total Purchased Electricity Use (MWh) 460,299† 496,542† 526,165† 525,843† 547,174† % Grid Electricity 100% 100% 100% 100% 100% % Renewable Electricity (Renewable Electricity as % of Total Purchased Electricity)***** 50%† 62%† 74%† 83%† 85%† Fleet Fuel Management (Total Fuel Consumed) (Gigajoules) 2,325,866 2,312,032 2,316,494 2,264,898 2,418,434 Fleet Fuel Management (% Renewable) 0% 0% 0% 0% 0% †Third-party data assurance completed by ERM CVS with limited assurance.	length
Keurig Dr Pepper	44	The report is available on our website.	not_assertion
Keurig Dr Pepper	44	§Updated from the year prior.	not_assertion
Keurig Dr Pepper	44	*Scope 1, 2 and 3 emissions are accounted for in accordance with the GHG Protocol.	not_assertion
Keurig Dr Pepper	44	We use the most current GHG emission factors in our inventory each year and site- and supplier-specific factors where available.	not_assertion
Keurig Dr Pepper	44	Scope 1 emissions are calculated with U.S. Environmental Protection Agency (EPA) Emission Factors for Greenhouse Gas Inventories.	methodology
Keurig Dr Pepper	44	Scope 2 emissions are calculated following both the location-based and the market-based methodologies as defined in the GHG Protocol.	not_assertion
Keurig Dr Pepper	44	Location-based factors are taken from the eGRID and International Energy Agency (IEA) datasets for U.S. and international sites, respectively; where applicable, market-based factors are taken from supplier-specific utility factors (for larger sites), Green-e (U.S.), AIB (Europe) and IEA.	not_assertion
Keurig Dr Pepper	44	Scope 3 emissions are calculated with a methodology that has been updated in 2024 and now reflects the inclusion of improved data sources and updated emissions factors.	methodology
Keurig Dr Pepper	44	Historical figures have been updated to reflect these changes where appropriate.	not_assertion
Keurig Dr Pepper	44	The latest datasets available at the time of publication are used, and where data is not available, estimated data were used.	not_assertion
Keurig Dr Pepper	44	2018 was our baseline year with Scope 1 and 2 emissions of 411,136 MTCO2e.	methodology
Keurig Dr Pepper	44	**GHG emissions from Fuel-and-energy-related Activities are based on KDP direct fuel consumption and purchased electricity.	not_assertion
Keurig Dr Pepper	44	Fuel consumption is multiplied by the relevant GHG emission factor for each fuel type.	not_assertion
Keurig Dr Pepper	44	Electricity consumption is multiplied by a country- specific GHG emission factor.	not_assertion
Keurig Dr Pepper	44	Calculation takes into account renewable electricity procured via market instruments and green tariff contracts.	not_assertion
Keurig Dr Pepper	44	***Upstream Transportation and Distribution GHG emissions include outbound transportation of finished products, inbound packaging, ingredients and appliances via third-party logistics carriers.	not_assertion
Keurig Dr Pepper	44	This category excludes transportation of inbound ingredients and packaging for our operations in Mexico.	not_assertion
Keurig Dr Pepper	44	Upstream Transportation and Distribution GHG emissions are calculated using vendor-specific (EPA SmartWay) and industry average emissions factors applied to weight-distance and spend based activity data.	not_assertion
Keurig Dr Pepper	44	GHG emissions associated with the inbound transportation of green coffee are calculated using purchased volumes by country and distances estimated using origin and destination locations.	not_assertion
Keurig Dr Pepper	44	GHG emissions associated with the inbound transportation of appliances and beverage concentrate are provided by our logistics vendor.	not_assertion
Keurig Dr Pepper	44	****Use of Sold Products GHG emissions are limited to brewer energy use and consumer refrigeration.	not_assertion
Keurig Dr Pepper	44	Brewer energy use is estimated using brewer annual shipments and lifetime electricity consumption for each model.	not_assertion
Keurig Dr Pepper	44	GHG emissions from consumer refrigeration are estimated by lifecycle analysis.	not_assertion
Keurig Dr Pepper	44	*****Renewable electricity in 2020, 2021, 2022, 2023 and 2024 was sourced through a mix of Green-e certified REC products.	reference_dense
Keurig Dr Pepper	44	Our Newbridge, Ireland facility is supplied with 100% wind electricity by the local utility.	not_assertion
Keurig Dr Pepper	44	N/R = disclosures are not reported; N/A = disclosures are not applicable 2024 KEURIG DR PEPPER IMPACT REPORT 44 Overview Climate & Nature Action Water Use & Stewardship Packaging & Circular Economy Human Rights, Responsible Sourcing & Supply Chain Livelihoods Consumer Health & Well-Being Employee Health, Safety & Well-Being Corporate Governance & Ethics Appendix	length
Keurig Dr Pepper	45	2020 2021 2022 2023 2024 Nature KDP Supported Regenerative Agriculture and Conservation (Acres) (Cumulative since 2022)* N/A N/A 11,296† 43,435† 129,013† †Third-party data assurance completed by ERM CVS with limited assurance.	not_assertion
Keurig Dr Pepper	45	*Regenerative Agriculture & Conservation Acres may not sum due to rounding of hectares to acres conversion.	not_assertion
Keurig Dr Pepper	45	Water Total Withdrawal (Million Liters) 13,166† 13,355† 13,716† 13,175† 12,595† % Withdrawal, Municipal 75%† 79%† 78%† 76%† 75%† % Withdrawal, Groundwater 25%† 21%† 22%† 24%† 25%† Total Consumption (Million Liters) 7,407† 7,463† 7,326† 7,193† 6,997† % Consumed in High Baseline Water Stress Areas 37% 38% 59% 59% 61% Total Discharge (Million Liters) 5,759† 5,893† 6,390† 5,982† 5,962† % Discharge to Municipal 66%† 66%† 62%† 66%† 66%† % Discharge to Waterbody 34%† 34%† 38%† 34%† 34%† Water Use Ratio (L/L)* (Liters of Water Required to Make One Liter of Product) 1.82† 1.82† 1.82† 1.85† 1.82† Water Replenished in Highest Water-Risk Areas (Million Liters per Year)** 725 1,817 2,084 2,169 3,008 Water Replenished in Highest Water-Risk Areas (% Replenished)*** 20% 49% 55% 55% 66% †Third-party data assurance completed by ERM CVS with limited assurance.	length
Keurig Dr Pepper	45	*The Water Use Ratio is calculated based on water withdrawals and production volumes, for sites that produce liquid refreshment beverages only.	not_assertion
Keurig Dr Pepper	45	2017 was our baseline year with a Water Use Ratio (L/L) of 1.95.	not_assertion
Keurig Dr Pepper	45	**Based on WRI’s Aqueduct Water Risk Atlas v3.0 (2019) locations with High or Extremely High baseline water stress, aligned with SASB Standards metric.	not_assertion
Keurig Dr Pepper	45	Prior years used v2.1 of Aqueduct and additional indicators.	not_assertion
Keurig Dr Pepper	45	***Based on WRI’s Aqueduct Water Risk Atlas v3.0 (2019) locations with High or Extremely High baseline water stress, aligned with SASB Standards metric.	not_assertion
Keurig Dr Pepper	45	Progress is the volume of water capacity replenished versus the volume of water consumed by in-scope locations within the same year.	not_assertion
Keurig Dr Pepper	45	N/R = disclosures are not reported; N/A = disclosures are not applicable 2024 KEURIG DR PEPPER IMPACT REPORT 45 Overview Climate & Nature Action Water Use & Stewardship Packaging & Circular Economy Human Rights, Responsible Sourcing & Supply Chain Livelihoods Consumer Health & Well-Being Employee Health, Safety & Well-Being Corporate Governance & Ethics Appendix	length
Keurig Dr Pepper	46	2020 2021 2022 2023 2024 All Packaging* % Packaging Recyclable or Compostable** 94% 95% 94% 95%† 96%† % PCR across Total Packaging Portfolio 22% 24% 24% 27%† 26%† Plastic Packaging % Plastic Packaging Recyclable or Compostable** 88% 92% 89% 91%† 94%† % Plastic Packaging Reusable or Refillable 1% 1% 1% 2% 3% % PCR across Total Plastic Packaging Portfolio 2% 11% 18% 17%† 16%† Total Virgin Plastic Packaging (Metric Tons)*** 226,000 215,000 202,740 195,015 190,567 Total Plastic Packaging (Metric Tons) 230,000 243,000 246,588 234,334† 227,846† Packaging Mix† (% of Total Weight Procured) % Paper/Cardboard 26% 32% 34% 34% 34% % PET Bottles 24% 27% 26% 27% 27% % Aluminum and Steel 12% 14% 14% 13% 14% % Non-Refillable Glass Bottles 22% 10% 10% 8% 8% % Polypropylene 8% 8% 9% 7% 7% % Other**** 4% 4% 5% 4% 4% % Flexible Packaging and Plastic Film 3% 3% 3% 4% 3% % Refillable Glass Bottles 1% 2% 0% 3% 3% †Third-party data assurance completed by ERM CVS with limited assurance.	length
Keurig Dr Pepper	46	§Updated from the prior year.	not_assertion
Keurig Dr Pepper	46	*This report encompasses the packaging data for KDP-owned and operated facilities, which include primary, secondary and tertiary packaging, as well as brewer packaging.	not_assertion
Keurig Dr Pepper	46	Materials procured by external bottlers and brewer accessory contract manufacturers are not included.	not_assertion
Keurig Dr Pepper	46	Recyclable packaging is packaging for which design is not a barrier to the packaging being successfully collected, sorted and reprocessed into another material, a product component or a recycled raw material.	not_assertion
Keurig Dr Pepper	46	We likewise consider plastic packaging to be recyclable if it is deemed “recyclable with detrimental features” by the APR.	not_assertion
Keurig Dr Pepper	46	For all other material categories, our recyclability determinations are informed by applicable law and the guidance of several organizations, including the Sustainable Packaging Coalition, the Aluminum Association, the Can Manufacturers Institute, the Institute of Scrap Recycling Industries, the Glass Packaging Institute, the Carton Council and the American Forest & Paper Association.	length
Keurig Dr Pepper	46	Packaging specifications - weight, composition and PCR content - are obtained from our suppliers.	not_assertion
Keurig Dr Pepper	46	In the absence of specific data, KDP estimates are based on analogous products, ensuring our reporting reflects the most accurate information possible.	not_assertion
Keurig Dr Pepper	46	**The EMF Global Commitment definition of “recyclable” differs from the KDP definition.	broken_fragment
Keurig Dr Pepper	46	EMF specifies that a package type must be recycled at a 30% recycling rate across geographies of 400 million or more inhabitants, which moves beyond the traditional definition of “recyclable.” As a global NGO, EMF’s threshold for recyclable product may be substantiated by data in geographies where KDP does not sell product.	length
Keurig Dr Pepper	46	In 2020, 50% of KDP plastic packaging fit this definition.	broken_fragment
Keurig Dr Pepper	46	In 2021, 58% of KDP plastic packaging fit this definition.	broken_fragment
Keurig Dr Pepper	46	In 2022, 58% of KDP plastic packaging fit this definition.	broken_fragment
Keurig Dr Pepper	46	***2019 was our baseline year with Total Virgin Plastic Packaging of 229,000 Metric Tons.	not_assertion
Keurig Dr Pepper	46	****Category includes filters, high-density polyethylene (HDPE), foam and aseptic carton.	not_assertion
Keurig Dr Pepper	46	N/R = disclosures are not reported; N/A = disclosures are not applicable 2024 KEURIG DR PEPPER IMPACT REPORT 46 Overview Climate & Nature Action Water Use & Stewardship Packaging & Circular Economy Human Rights, Responsible Sourcing & Supply Chain Livelihoods Consumer Health & Well-Being Employee Health, Safety & Well-Being Corporate Governance & Ethics Appendix	length
Keurig Dr Pepper	47	2020 2021 2022 2023 2024 Waste Total Waste Generated (Short Tons) 114,241 124,859 142,824 140,620 137,655 % Waste Diverted from Landfill 92% 92% 92% 93% 93% Responsible Sourcing - Farm % Coffee Responsibly Sourced* 81% 100% 100% 100% 100% % Cocoa Responsibly Sourced** N/A 81% 100% 100% 100% Total Volume of Green Beans Received (Million Pounds) N/R 278 294 256 288 *2020 was our final transition year, with 19% of coffee purchased as conventional.	length
Keurig Dr Pepper	47	At the end of 2020, all coffee contracted was 100% responsibly sourced through verification or third-party certification programs.	not_assertion
Keurig Dr Pepper	47	During 2021 and 2022, a small amount of coffee was received as conventional (0.38% and 0.36%, respectively) due to COVID-19 impacts, supplier error or shipping delays.	not_assertion
Keurig Dr Pepper	47	In 2023, 0.002% of coffee (a single shipment) was received as conventional per a customer requirement.	not_assertion
Keurig Dr Pepper	47	**2021 was our final transition year, with 19% of cocoa purchased as conventional.	not_assertion
Keurig Dr Pepper	47	At the end of 2021, all cocoa contracted going forward was 100% responsibly sourced through verification or third-party certification programs.	not_assertion
Keurig Dr Pepper	47	Responsible Sourcing - KDP Supplier Rating System for Factories Summary * Tier 1 Brewer Suppliers Meets or Exceeds Expectations N/A N/A 90% 80% 80% Below Expectations N/A N/A 10% 20% 20% Not Yet Rated N/A N/A 0% 0% 0% Not Acceptable N/A N/A N/A N/A 0% Tier 2 High-Risk Brewer Suppliers Meets or Exceeds Expectations N/A N/A 38% 53% 95% Below Expectations N/A N/A 13% 7% 0% Not Yet Rated N/A N/A 49% 40% 5% Not Acceptable N/A N/A N/A N/A 0% N/R = disclosures are not reported; N/A = disclosures are not applicable 2024 KEURIG DR PEPPER IMPACT REPORT 47 Overview Climate & Nature Action Water Use & Stewardship Packaging & Circular Economy Human Rights, Responsible Sourcing & Supply Chain Livelihoods Consumer Health & Well-Being Employee Health, Safety & Well-Being Corporate Governance & Ethics Appendix	length
Keurig Dr Pepper	48	2020 2021 2022 2023 2024 Responsible Sourcing - KDP Supplier Rating System for Factories Summary* Apple Juice Concentrate Suppliers from High-Risk Countries Meets or Exceeds Expectations N/A N/A 59% 48% 82% Below Expectations N/A N/A 0% 0% 4% Not Yet Rated** N/A N/A 41% 52% 10% Not Acceptable*** N/A N/A N/A N/A 4% Tomato Paste Meets or Exceeds Expectations N/A N/A N/A 100% 100% Below Expectations N/A N/A N/A 0% 0% Not Yet Rated N/A N/A N/A 0% 0% Not Acceptable N/A N/A N/A N/A 0% High-intensity Sweeteners Meets or Exceeds Expectations N/A N/A N/A N/A 100% Below Expectations N/A N/A N/A N/A 0% Not Yet Rated N/A N/A N/A N/A 0% Not Acceptable N/A N/A N/A N/A 0% *In 2022, we began to execute on an evolved responsible sourcing program with a uniform methodology and Supplier Rating System that enables us to align and expand our audit program across more of our supply base where the risk is focused in manufacturing factories.	length
Keurig Dr Pepper	48	**The AJC suppliers rated as Not Yet Rated were located in Ukraine where on-site audits remain difficult due to the ongoing Russian-Ukrainian conflict.	not_assertion
Keurig Dr Pepper	48	We took an additional step in 2024 to utilize an SAQ to evaluate these suppliers’ social and environmental management systems.	not_assertion
Keurig Dr Pepper	48	***One AJC supplier submitted an audit report outside the KDP-accepted audit standards.	not_assertion
Keurig Dr Pepper	48	N/R = disclosures are not reported; N/A = disclosures are not applicable 2024 KEURIG DR PEPPER IMPACT REPORT 48 Overview Climate & Nature Action Water Use & Stewardship Packaging & Circular Economy Human Rights, Responsible Sourcing & Supply Chain Livelihoods Consumer Health & Well-Being Employee Health, Safety & Well-Being Corporate Governance & Ethics Appendix	length
Keurig Dr Pepper	49	2020 2021 2022 2023 2024 Responsible Sourcing - Brewer Audit Summary* Total Number of KDP Managed Tier 1/Tier 2 Suppliers N/A N/A 46§ 65§ 68 Tier 1 Suppliers Risk Assessed N/A N/A 100% 100% 100% Tier 2 Suppliers Risk Assessed N/A N/A 51% 62% 95% Total Audits Conducted for Tier 1/Tier 2 Suppliers N/A N/A 33 77 21 Total Priority Findings Violations N/A N/A 14 0 0 Tier 1 Priority Findings N/A N/A 3 0 0 Tier 2 Priority Findings N/A N/A 11 0 0 Priority Findings Violations Closed N/A N/A 62% 0% N/A §Updated from the prior year due to an internal review of our calculations.	length
Keurig Dr Pepper	49	*We met our responsible sourcing goal for brewers in 2021.	not_assertion
Keurig Dr Pepper	49	In 2022, we adjusted our methodology for our Responsible Sourcing Brewer Program and report these metrics.	not_assertion
Keurig Dr Pepper	49	Read more in Goal Methodology & Progress Summary.	not_assertion
Keurig Dr Pepper	49	Livelihoods Investments Improving Livelihoods of Coffee Farmers (Millions USD) (Cumulative through 2024, since 2003) $64 $71 $72 $73 $74 Number of Farmers and Workers in our Coffee Supply Chain that KDP Supported with the Aim to Improve Economic Resilience* N/A N/A N/A N/A 8,570 *We estimate that our global coffee supply chain includes over 100,000 farmers, plus many more workers employed on the farms.	length
Keurig Dr Pepper	49	Read more in KDP’s Livelihoods Ambition Monitoring and Evaluation Guide.	not_assertion
Keurig Dr Pepper	49	N/R = disclosures are not reported; N/A = disclosures are not applicable 2024 KEURIG DR PEPPER IMPACT REPORT 49 Overview Climate & Nature Action Water Use & Stewardship Packaging & Circular Economy Human Rights, Responsible Sourcing & Supply Chain Livelihoods Consumer Health & Well-Being Employee Health, Safety & Well-Being Corporate Governance & Ethics Appendix	length
Keurig Dr Pepper	50	2020 2021 2022 2023 2024 Health & Well-Being % Products that Provide Positive Hydration* 54% 56% 57%† 59%† 60%† †Third-party data assurance completed by ERM CVS with limited assurance.	reference_dense
Keurig Dr Pepper	50	*U.S. sales only; includes partner brands and fountain, excludes private label.	not_assertion
Keurig Dr Pepper	50	We define a positive hydration product as one that provides a serving of fruits or vegetables (with no added sugar) OR is 40 calories or less per serving with a functional attribute or at least 10% Daily Value of a nutrient to encourage.	not_assertion
Keurig Dr Pepper	50	Employee Engagement % Annual Survey Participation Rate 81% 89% 87% 89% 91% % Employee Engagement 62% 71% 81% 80% 81% % Total Employee New Hire Rate 32% 16% 15% 38% 39% % Total Employee Turnover Rate 32% 41% 43% 38% 34% *Owned and operated KDP manufacturing facilities; rates are calculated as frequency of injuries per 100 employees.	length
Keurig Dr Pepper	50	§Updated from the prior year due to incidents becoming recordable or resulting in lost time after end of calendar year.	not_assertion
Keurig Dr Pepper	50	Workplace Safety - Direct Store Delivery* Lost Time Injury Rate 1.90 1.30 1.41 2.06§ 2.03 Total Recordable Injury Rate 6.70 5.20 6.27 7.37§ 6.79 *U.S. operations.	reference_dense
Keurig Dr Pepper	50	Rates are calculated as frequency of injuries per 100 employees.	not_assertion
Keurig Dr Pepper	50	N/R = disclosures are not reported; N/A = disclosures are not applicable Workplace Safety - Manufacturing* Lost Time Injury Rate 0.28 0.18 0.19 0.28§ 0.24 Total Fatalities (Work-Related) 0.00 0.00 0.00 0.00 0.00 Total Recordable Injury Rate 0.97 0.89 0.96 0.90§ 0.85 2024 KEURIG DR PEPPER IMPACT REPORT 50 Overview Climate & Nature Action Water Use & Stewardship Packaging & Circular Economy Human Rights, Responsible Sourcing & Supply Chain Livelihoods Consumer Health & Well-Being Employee Health, Safety & Well-Being Corporate Governance & Ethics Appendix	length
Keurig Dr Pepper	51	TOTAL DIRECTOR+ PROFESSIONAL OTHER PROFESSIONAL HOURLY 2024 Global Employee Gender Demographics* Total Global KDP 29,419 671 9,569 19,179 Female 5,854 277 2,726 2,901 Male 23,424 436 6,778 16,210 Not Disclosed 141 8 65 68 *Read more in our Employer Information Report (EEO-1 Component 1).	not_assertion
Keurig Dr Pepper	51	Definitions of our workforce are as follows: Director+ Professional” - CEO, CFO, ELT, SVP, VP, Sr. Director, Director; “Other Professional” - any employee with a pay rate type of salaried, below Director; “Hourly”- any employee with a pay rate types “Hourly-Bi-weekly,” “Hourly-Weekly,” “Daily,” “Commission Only.” N/R = disclosures are not reported; N/A = disclosures are not applicable 2024 KEURIG DR PEPPER IMPACT REPORT 51 Overview Climate & Nature Action Water Use & Stewardship Packaging & Circular Economy Human Rights, Responsible Sourcing & Supply Chain Livelihoods Consumer Health & Well-Being Employee Health, Safety & Well-Being Corporate Governance & Ethics Appendix	length
