Company	Page	Claim_Text	ESG_Type	Claim_Type	Evidence_Exists	Risk_Signal
Unilever	3	Updates are provided by the global Sustainability function five times a year.	E	Vague	No	Vague
Unilever	4	The long-term Performance Share Plan (PSP) is linked to financial and sustainability performance, guided by our Sustainability Progress Index (SPI), which accounts for 15% of the total PSP award.	E	Future Promise	Partial	Weak Evidence
Unilever	4	We produce and sell consumer goods across our four Business Groups: Beauty & Wellbeing, Personal Care, Home Care and Foods.1 We operate across more than 190 manufacturing sites worldwide and employ over 96,000 employees.2 For over two decades, we have driven an ambitious sustainability agenda.	S	Strong	Yes	Supported
Unilever	4	In addition to our sustainability goals, we are committed to respecting human rights, acting with integrity and prioritising people’s safety.	S	Future Promise	No	Unsubstantiated
Unilever	5	This approach ensured inclusion of perspectives from all key stakeholder groups, including affected communities.	S	Vague	No	Vague
Unilever	7	The COBP and Code Policies were refreshed in 2025 to make them easier for employees to engage with; these changes were implemented in early 2026.	G	Vague	No	Vague
Unilever	7	Day-to-day responsibility for implementing the COBP and Code Policies is delegated to senior management across our Business Groups and functions at global, regional and country levels.	G	Vague	No	Vague
Unilever	7	We require our employees to submit an annual pledge confirming they understand, commit to, and adhere to the COBP.	G	Future Promise	No	Unsubstantiated
Unilever	7	Employees are required to report any actual or potential breach of the COBP and Code Policies immediately.	G	Vague	No	Vague
Unilever	7	We have set out the available reporting channels within our Code Policies and highlight these during Business Integrity training and in our communications.	G	Vague	No	Vague
Unilever	8	However, 99% of our GHG emissions come from scope 3 emissions within our upstream and downstream value chain.	E	Strong	Yes	Supported
Unilever	8	Increased global regulation also means more scrutiny of sustainability claims, potentially raising costs and harming revenue due to reputational damage.	E	Future Promise	No	Unsubstantiated
Unilever	10	We began a comprehensive review of our Sustainability and Human Rights policy framework in 2025, with any required policy revisions planned for implementation in 2026.	E	Future Promise	No	Unsubstantiated
Unilever	10	Unilever’s Environmental Care Framework Standards (ECFWS) apply to all our operations and mandate that the Environmental Policy is implemented at all Unilever sites.	E	Vague	No	Vague
Unilever	10	Our manufacturing sites undergo Environmental Compliance Audits and are reviewed by Corporate Audit to assess the robustness of their ECFWS implementation.	G	Vague	No	Vague
Unilever	10	It sets out the mandatory requirements suppliers must meet and the mandatory management systems we expect them to have in place to identify and manage significant environmental risks.	E	Future Promise	No	Unsubstantiated
Unilever	10	This includes complying with all legal requirements and holding necessary permits for GHG emissions management and reduction.	E	Vague	No	Vague
Unilever	10	This includes ensuring suppliers provide deforestation- and conversion-free materials.	E	Vague	No	Vague
Unilever	10	This includes complying with legal requirements with respect to plastic feedstock sourcing, plastics production, storage, transport and end-of-life management.	E	Vague	No	Vague
Unilever	10	The policy sets out four principles that these suppliers are required to comply with: ■Protecting natural ecosystems from deforestation and conversion: We are committed to ensuring that the in-scope materials entering our supply chain will not originate from deforested land or converted natural ecosystems.	E	Future Promise	No	Unsubstantiated
Unilever	10	■Respecting and promoting human rights: We are committed to respecting and advancing the human rights of all people in line with the UN Guiding Principles on Business and Human Rights.	S	Vague	No	Vague
Unilever	10	■Transparency and traceability: We are committed to transparency and traceability in sourcing, governance and reporting to enable us to drive continuous improvement.	G	Vague	No	Vague
Unilever	10	■Being a force for good for people and planet: We are committed to working through partnerships to protect natural ecosystems within our supply chain, encouraging legal recognition of customary rights, implementing regenerative agricultural land use practices, and finding ways to restore damaged landscapes.	E	Future Promise	No	Unsubstantiated
Unilever	10	They are made up of six core principles, which set out that the benchmarked standards should: ■Promote agricultural and business practices that ensure integrity and accountability in a way that is transparent and traceable.	G	Vague	No	Vague
Unilever	10	■Cover the respect and advancement of required human rights principles and ensure that these are implemented in line with the UN Guiding Principles on Business and Human Rights.	S	Vague	No	Vague
Unilever	10	The standards are implemented by our suppliers and farmers and enable us to source agricultural materials sustainably on an ongoing basis.	E	Vague	No	Vague
Unilever	10	We make key Unilever policies (including the Unilever Environmental Policy, RPP and SAP) publicly available on our website to ensure that we are transparent in our approach, providing access to all our stakeholders.	G	Vague	No	Vague
Unilever	11	Climate Transition Action Plan Our second Climate Transition Action Plan (CTAP) was approved by shareholders in 2024.	G	Future Promise	No	Unsubstantiated
Unilever	11	It outlines our 2030 climate targets and the mitigation, adaptation and advocacy actions we will take to achieve them.	E	Future Promise	No	Unsubstantiated
Unilever	11	The CTAP sets out our long-term ambition to achieve net zero GHG emissions by 2039.	E	Future Promise	No	Unsubstantiated
Unilever	11	The CTAP has not been revised in 2025 as a result of the demerger of our Ice Cream business; impacts on our decarbonisation levers and actions will be reviewed in 2026.	E	Future Promise	No	Unsubstantiated
Unilever	11	Climate targets We have set near-term climate targets to reduce absolute GHG emissions from our operations (scope 1 and 2) and our value chain (scope 3).	E	Future Promise	No	Unsubstantiated
Unilever	11	Our scope 1 and 2 target was set versus a 2015 baseline using the market- based approach.	E	Future Promise	No	Unsubstantiated
Unilever	11	In 2024, SBTi validated that our proposed scope 3 targets conform with the SBTi Criteria and Recommendations for Near- Term Targets version 5.1.	E	Future Promise	Partial	Weak Evidence
Unilever	11	We selected a 2021 baseline date for our scope 3 targets, for which we have more accurate data.	E	Future Promise	No	Unsubstantiated
Unilever	11	Introducing more solar thermal technology, electrifying thermal processes and transitioning to sustainably sourced biofuels.	E	Vague	No	Vague
Unilever	11	Renewable power Increasing on-site and enabling off-site renewable energy generation Increasing on-site renewable electricity generation and enabling off-site generation through large-scale physical and virtual power purchase agreements (PPAs).	E	Vague	No	Vague
Unilever	11	Refrigeration(a) Reducing emissions from refrigeration Phasing-out high-impact systems and training teams to identify, report and prevent leaks from existing systems.	E	Vague	No	Vague
Unilever	11	Scope 3 (value chain) Supplier Climate Programme Scaling the programme Building supplier capability through best-practice sharing, innovative partnerships and access to technical assistance and financing.	E	Vague	No	Vague
Unilever	11	Embedding climate goals into procurement strategies to drive supplier-level climate actions at scale, and engage on industry initiatives that advance standardised, transparent approaches to scope 3 decarbonisation.	E	Future Promise	No	Unsubstantiated
Unilever	11	Reformulating products Using innovative ingredients Developing lower GHG products including the use of low GHG ingredients and packaging, and reducing palm oil usage in soap bars.	E	Vague	No	Vague
Unilever	11	Forest-risk commodities Investing in our value chain Building supply chain infrastructure to meet deforestation-free requirements, enrolling more suppliers and smallholder farmers in our direct sourcing programmes and smallholder development hubs, and driving improvements in the processing of forest-risk commodities.	S	Vague	No	Vague
Unilever	11	Regenerative agriculture Scaling up adoption Scaling up adoption of regenerative agriculture in our Foods business and working across shared supply chains with other businesses that share our suppliers to amplify the impact of programmes.	E	Vague	No	Vague
Unilever	11	Chemical ingredients Reducing GHG intensity Reducing the GHG intensity of soda ash and linear alkylbenzene sulfonate (LAS) production through increased use of renewable energy sources and alternative feedstocks.	E	Vague	No	Vague
Unilever	12	Decarbonisation lever Key action Details Packaging Reducing material use Designing new product packaging formats, transitioning to recycled and renewable feedstocks, and designing packaging for recycling.	E	Vague	No	Vague
Unilever	12	Ice cream cabinets(a) Increasing energy efficiency Renewing cabinet fleet with more energy-efficient models and transitioning to renewable energy.	E	Vague	No	Vague
Unilever	12	■Developing supplier strategies for alternative, sustainably sourced materials to build supply chain resilience.	E	Vague	No	Vague
Unilever	12	■Leveraging climate-driven consumer demands, such as fabric cleaning products that work at lower temperatures.	E	Vague	No	Vague
Unilever	12	Climate advocacy actions To maximise the impact of Unilever’s actions and to create a level playing field, we advocate for policies that drive the global transition to net zero.	E	Future Promise	No	Unsubstantiated
Unilever	12	Our cross-cutting advocacy plans aim to: ■Raise the ambition of national climate strategies and plans in key markets to align with a 1.5°C pathway.	E	Future Promise	No	Unsubstantiated
Unilever	12	■Scale up renewable energy capacity and secure the rapid phase-out of fossil fuels, including fossil fuel subsidies.	E	Vague	No	Vague
Unilever	13	Unilever’s response to climate change has long been embedded into our way of doing business, and our actions to reduce our impacts on nature are also integral to reducing our agriculture and land-based emissions.	E	Vague	No	Vague
Unilever	13	This is achieved through globally coordinated climate policies and technological innovation.	E	Vague	No	Vague
Unilever	13	Additionally, this time period reflects several of our targets, such as those pertaining to scope 3 emissions and plastics (see pages 229 and 243).	E	Future Promise	Partial	Weak Evidence
Unilever	13	Aligns with global society’s aim to achieve climate neutrality by 2050 and coincides with long-term systemic economic shifts, worsening physical climate risks, and deep decarbonisation trajectories that could transform our business environment.	E	Future Promise	No	Unsubstantiated
Unilever	13	However, impacts are considered as part of our impairment and viability assessments to ensure we are well placed to manage these risks and meet our obligations.	S	Vague	No	Vague
Unilever	14	■ Diseases and pests: Probability of pest/disease occurrence increases in line with maximum daily temperatures; pest sensitivities and yield losses are defined for each crop type; assessment informed by external literature and databases.	S	Vague	No	Vague
Unilever	14	Gross Gross: Direct carbon pricing includes manufacturing, operational and distribution costs; indirect carbon pricing includes costs for raw material suppliers due to higher costs for energy sources such as electricity and fossil fuel.	E	Vague	No	Vague
Unilever	14	Emissions assumed to decrease with Unilever forecasts; coverage assumptions based on relevant carbon pricing mechanisms; given complex supply chains, scope 3 emissions apportioned to relative jurisdictions based on scope 1 and 2 emissions proportions.	E	Vague	No	Vague
Unilever	14	Net: Emissions assumed to decrease in line with emissions reduction targets for scope 1 and 2.	E	Future Promise	No	Unsubstantiated
Unilever	15	Environmental pressures therefore pose significant risks to supply chain stability and productivity, potentially affecting crop yields, raw material availability and long-term sourcing strategies.	E	Vague	No	Vague
Unilever	15	Our assessment demonstrates that as global temperatures increase and nature continues to degrade, financial risk increases.	E	Vague	No	Vague
Unilever	15	For key ingredients like palm, subject to regulations such as EU Deforestation Regulation (EUDR), we are building supply chain infrastructure to meet deforestation-free requirements and enrolling more suppliers and smallholder farmers in our direct sourcing programmes and smallholder development hubs.	S	Vague	No	Vague
Unilever	15	We are also scaling up regenerative agriculture and collaborating across shared supply chains to amplify impact.	E	Vague	No	Vague
Unilever	15	This is compounded by possible global responses – regulatory shifts, changing consumer expectations and investor scrutiny – demanding greater transparency and action.	G	Future Promise	No	Unsubstantiated
Unilever	15	Plastic-related regulatory risk As a global consumer goods company, we recognise that our reliance on plastic materials, particularly in packaging, exposes us to increasing regulatory risk.	E	Vague	No	Vague
Unilever	15	Governments worldwide are intensifying efforts to reduce plastic pollution, with a growing number implementing extended producer responsibility (EPR) schemes, plastic usage taxes and stricter compliance frameworks.	E	Vague	No	Vague
Unilever	15	Our assessment indicates this risk is especially elevated in OECD countries, where regulatory maturity is high and both coverage and costs are expected to increase to 2050.	S	Future Promise	No	Unsubstantiated
Unilever	15	Our plastics footprint also increases exposure in some jurisdictions, notably the EU.	E	Vague	No	Vague
Unilever	15	We have set ambitious plastics targets, including increasing the use of recycled content in our packaging, reducing our virgin plastic footprint, and increasing the reusability, recyclability and compostability of our packaging (see page 243).	E	Future Promise	Partial	Weak Evidence
Unilever	15	In preparing our 2025 Unilever consolidated financial statements, we have considered the impact of both physical and transition climate change risks, and any planned mitigations, on the current valuation of our assets and liabilities.	E	Future Promise	No	Unsubstantiated
Unilever	15	Although significant uncertainties remain about the extent, timing and geographic location of both physical and transition climate risks to our business.	E	Vague	No	Vague
Unilever	15	These insights are an important input into our medium- and long-term strategic planning and in 2026, will be reviewed as we shape our sustainability ambitions beyond 2030.	E	Future Promise	No	Unsubstantiated
Unilever	15	Rising temperatures and extreme weather, including drought and water scarcity, increase adaptation and mitigation costs and may reduce demand for our products, especially household water-dependent products and in more climate-affected regions.	E	Vague	No	Vague
Unilever	15	To mitigate these risks, we are: Building resilience in our supply chain: Our supply chain and procurement teams manage a range of supply-related risks, including those influenced by climate factors, through established processes and an ongoing resilience programme implemented across all regions.	E	Vague	No	Vague
Unilever	15	Scaling up regenerative agriculture: Resilience is at the heart of our regenerative agriculture programmes, where we work to protect and regenerate the natural and agricultural ecosystems in our value chain and support the people whose livelihoods depend on them.	E	Vague	No	Vague
Unilever	15	Practices include water-saving techniques like precision irrigation and use of organic fertilisers to improve soil health.	E	Vague	No	Vague
Unilever	15	Sourcing our commodities responsibly: We remain focused on maintaining deforestation-free sourcing across our primary deforestation-linked commodities and continuing to implement our sustainable sourcing programmes.	E	Vague	No	Vague
Unilever	15	These initiatives help suppliers adopt resilience practices and also increase the transparency of our sourcing decisions.	G	Vague	No	Vague
Unilever	15	Direct sourcing of palm feedstocks brings better transparency and traceability, and places less reliance on intermediaries.	G	Vague	No	Vague
Unilever	15	Implementing water stewardship programmes: In 2025, we had 29 sites in water-stressed areas with an active water stewardship programme in place (excluding one programme related to Ice Cream).	E	Strong	Yes	Supported
Unilever	15	Interventions within our factories focus on reducing water usage, promoting reuse and encouraging recycling.	E	Vague	No	Vague
Unilever	15	Within river basins where our factories are located, we work to reduce supplier water usage, improve community access to water, or replenish resources through landscape projects such as reforestation.	E	Vague	No	Vague
Unilever	15	To reduce the impact of these risks, we are: Reducing our GHG emissions: We are taking action to reduce our most material GHG emissions, as set out in our CTAP, and mitigate the potential financial impact of carbon prices.	E	Vague	No	Vague
Unilever	15	Our actions include supplier engagement to reduce emissions from our raw materials and ingredients, as well as product redesign strategies towards lower GHG ingredients or formulations.	E	Vague	No	Vague
Unilever	15	We continue to advocate externally to ensure carbon is priced at levels necessary to achieve the Paris Agreement goals.	E	Future Promise	Partial	Weak Evidence
Unilever	15	This will be key to meeting our 2030 targets and net zero ambition.	E	Future Promise	No	Unsubstantiated
Unilever	15	See page 243 for details on our approach to reducing plastic-related regulatory risks.	E	Vague	Partial	Weak Evidence
Unilever	16	Scope 1 and 2 (our operations) Efforts to reduce emissions from our operations continue to focus on driving energy efficiency measures, sourcing renewable electricity and decarbonising our thermal energy consumption.	E	Vague	No	Vague
Unilever	16	In 2025, we implemented a hybrid wind and solar direct Power Purchase Agreement (PPA) in Poland, a multi-buyer PPA with our collaborative manufacturers in India, and a virtual PPA in Spain.	S	Vague	No	Vague
Unilever	16	We scaled up the electrification of thermal energy by installing industrial-scale heat pumps at sites in the Philippines and India, and we increased our use of electric boilers with an installation at our Cavite site in the Philippines.	E	Vague	No	Vague
Unilever	16	We also made progress in our transition to renewable fuels.	E	Vague	No	Vague
Unilever	16	Expanding the Unilever Oleochemicals Indonesia (UOI) refinery is a key part of our growth strategy, however we need to ensure this growth does not impact delivery of our scope 1 and 2 climate target.	E	Future Promise	No	Unsubstantiated
Unilever	16	To help manage this, we partner with KIS Group, a leading biogas provider in Asia, to secure biomethane supplies for the facility.	E	Vague	No	Vague
Unilever	16	Together, we currently source biomethane from two mills (2024: 2) in our sustainable palm oil development programme and aim to scale to additional mills in coming years.	E	Future Promise	No	Unsubstantiated
Unilever	16	Having seen early success through sourcing biomethane produced from palm oil mill effluent (POME) in Indonesia, we are advocating for wider expansion of biomethane production in Indonesia.	E	Vague	No	Vague
Unilever	16	Scope 3 (value chain) The table on page 229 demonstrates the contribution of our identified scope 3 decarbonisation levers towards our targeted GHG emissions reductions to 2030.	E	Future Promise	No	Unsubstantiated
Unilever	16	Supplier Climate Programme Over 60% of our GHG emissions in scope of our net zero ambition come from raw materials, ingredients and packaging, so accelerating the decarbonisation of key suppliers remains a priority.	E	Future Promise	Partial	Weak Evidence
Unilever	16	By the end of 2025, almost 200 suppliers (2024: 181) were actively participating in the Supplier Climate Programme (SCP), accounting for over 40% of Unilever’s scope 3 emissions from raw materials, ingredients and packaging.	E	Strong	Yes	Supported
Unilever	16	We expanded our supplier product carbon footprint (PCF) data collection, receiving submissions from 91 suppliers and collecting over 2,000 PCF data points.	E	Strong	Yes	Supported
Unilever	16	This data helps us and our suppliers identify, plan and deliver measurable emissions reductions.	E	Future Promise	No	Unsubstantiated
Unilever	16	In 2025, we deepened engagement through the SCP working with 25 suppliers to identify GHG hotspots and decarbonisation opportunities across their value chains.	E	Strong	Yes	Supported
Unilever	16	An example of supplier level climate action is our work with key aluminium can suppliers to reduce aerosol packaging emissions by sourcing aluminium produced with low-carbon energy.	E	Vague	No	Vague
Unilever	16	Building on this progress, we intend to engage with a larger subset of SCP suppliers to develop targeted action plans and drive supplier level climate action in the future.	E	Future Promise	No	Unsubstantiated
Unilever	16	In India, HSBC provides lower cost sustainability linked financing to select suppliers, which Unilever supports by helping suppliers meet the requirements of the SCP.	E	Vague	No	Vague
Unilever	16	Upskilling our procurement teams was prioritised to improve the quality of climate engagement with their suppliers, delivering training in Brazil, India and Poland.	S	Vague	No	Vague
Unilever	16	Reformulating products Reformulating our products remains an important opportunity for emissions reduction.	E	Vague	No	Vague
Unilever	16	Our Business Groups continue driving innovation, aiming to deliver superior products at great value while reducing environmental impact.	E	Future Promise	No	Unsubstantiated
Unilever	16	Examples of 2025 innovations include: ■Personal Care: We advanced our soap bar reformulation programme, using patented novel structuring technology to reduce palm oil-derived total fatty matter while improving efficacy and consumer benefits.	S	Vague	No	Vague
Unilever	16	In addition, we rolled out RhamnoClean technology – a 100% natural, biodegradable and renewable biosurfactant – into our core hand dishwash products in Indonesia.	E	Strong	Yes	Supported
Unilever	16	Forest-risk commodities GHG emissions from the sourcing of our five primary deforestation-linked commodities (palm oil, paper and board, tea, soy and cocoa) arise predominantly from land use change, agricultural practices and downstream processing.	E	Vague	No	Vague
Unilever	16	In 2025, we exceeded 95% purchase volumes of these commodities as deforestation-free, based on our requirements.	E	Strong	Yes	Supported
Unilever	16	To address this, we have increased our direct sourcing of palm feedstocks, improving traceability and helping us maintain no deforestation.	E	Vague	No	Vague
Unilever	16	Our deforestation-free landscape strategy aims to empower smallholders within our supply chain.	E	Future Promise	No	Unsubstantiated
Unilever	16	We continued to increase the number of smallholders across Indonesia trained in sustainable agricultural practices, with around 29,500 trained since January 2024.	E	Vague	No	Vague
Unilever	16	Regenerative agriculture In 2025, we implemented 12 new regenerative agriculture projects, bringing our total to 34 projects (excluding one project relating to Ice Cream) covering 254,000 hectares since 2021.	E	Strong	Yes	Supported
Unilever	16	Our Foods business is partnering with CJ Selecta to roll out regenerative soybean farming across 45,000 hectares of Brazil’s Cerrado by 2030.	E	Future Promise	Partial	Weak Evidence
Unilever	16	Achieving our reduction targets requires decreasing the GHG intensity associated with both LAS and soda ash production.	E	Future Promise	No	Unsubstantiated
Unilever	16	In 2025, collaboration continued with a strategic partner to reduce the GHG intensity of their LAS production.	E	Vague	No	Vague
Unilever	16	We also continued to secure volumes of lower-GHG soda ash from two key suppliers.	E	Vague	No	Vague
Unilever	16	This includes soda ash produced using biomass fuel sources and natural soda ash manufactured through less energy-intensive processes that avoid additional CO₂ during processing.	E	Vague	No	Vague
Unilever	16	While there has been some industry movement towards lower-emission chemicals, progress remains slow.	E	Vague	No	Vague
Unilever	17	In 2025, we reduced our use of virgin plastics for the packaging of our products by 29% versus a 2019 baseline.	E	Strong	Yes	Supported
Unilever	17	We also reported 57% of our plastic packaging to be reusable, recyclable or compostable.	E	Strong	Yes	Supported
Unilever	17	Through our purchase of recycled plastic, strategic partnerships and participation in extended producer responsibility (EPR) schemes, we collected and processed more plastic than we sold in 2025.	E	Vague	No	Vague
Unilever	17	We will also continue to reduce virgin plastic use.	E	Future Promise	No	Unsubstantiated
Unilever	17	See page 243 for our Resource Use and Circular Economy disclosures.	E	Vague	Partial	Weak Evidence
Unilever	17	In 2025, we saw an 8% increase in our scope 3 upstream transport and distribution (logistics) emissions compared to the prior year.	E	Strong	Yes	Supported
Unilever	17	This was due to the adoption of the latest Global Logistics Emissions Council (GLEC) framework which resulted in an increase in emission factors.	E	Vague	No	Vague
Unilever	17	Similarly, the use of hydrotreated vegetable oil (HVO) continued to increase in Europe, supporting our transition toward lower-carbon transport solutions.	E	Vague	No	Vague
Unilever	17	In North America, we continued to transition from diesel to renewable natural gas (RNG) on specific lanes, further strengthening our journey toward carbon reduction.	E	Vague	No	Vague
Unilever	17	The impact of the demerger on Unilever’s Climate Transition Action Plan and climate targets will be reassessed in 2026.	E	Future Promise	No	Unsubstantiated
Unilever	17	Climate & Nature Fund In 2025, our total Climate & Nature Fund commitments since 2020 were €0.76 billion (2024: €0.67 billion).	E	Strong	Yes	Supported
Unilever	17	We invested in the continuous development of sustainable supply chains.	E	Vague	No	Vague
Unilever	17	In addition, we acquired a 14% stake in Lucro Plastecycle Private Limited (Lucro), a leading player in recycled flexible plastics in India, to scale up recycled flexible plastic content in packaging.	E	Strong	Yes	Supported
Unilever	17	As part of our goal to protect and restore 1 million hectares by 2030, this partnership will increase the adaptive capacity and resilience of coastal communities through integrated management and restoration that positively impacts the area, ecosystem health and sustainable use of mangroves.	E	Future Promise	Partial	Weak Evidence
Unilever	17	Additionally, we were part of a business coalition calling for Australia to reduce GHG emissions by 75% by 2035 and featured in The Energy and Resources Institute (TERI) and We Mean Business Coalition’s (WMBC) report on India’s 2035 climate target, highlighting corporate leadership.	E	Future Promise	Partial	Weak Evidence
Unilever	17	Our report, Bold Plans, Real Impact, published in 2025, reinforces Unilever’s role in driving ambitious climate action.	E	Future Promise	No	Unsubstantiated
Unilever	17	■Renewable energy capacity and fossil fuel phase-out: Unilever signed a joint statement coordinated by the RE100, published during the IEA/UK Energy Security Summit, urging ministers and business leaders to prioritise renewables and energy efficiency as pillars of long-term energy security.	E	Vague	No	Vague
Unilever	17	Our Bold Plans, Real Impact report underscores renewables as central to achieving resilient energy systems, as well as the phase-out of fossil fuels and their subsidies.	E	Future Promise	No	Unsubstantiated
Unilever	17	During COP30, we supported the WMBC’s statement urging governments to commit to a roadmap on the transition away from fossil fuels.	E	Vague	No	Vague
Unilever	17	We also joined a group of companies committed to trialling Spheres of Influence, a new framework designed by Oxford Net Zero and Futerra to capture corporate action on climate that goes beyond traditional emissions accounting.	E	Future Promise	No	Unsubstantiated
Unilever	17	■Chemical ingredients: Unilever hosted a policy discussion in Brussels to examine measures advancing the transition to sustainable chemicals in Europe.	E	Vague	No	Vague
Unilever	18	Our targets that monitor how we are responding to our nature-related risks are set out within Biodiversity and Ecosystems on page 241.	E	Future Promise	No	Unsubstantiated
Unilever	18	Inventories aligned to the scope of our net zero ambition and 2030 climate targets are subsets of the total inventory.	E	Future Promise	No	Unsubstantiated
Unilever	18	As part of our critical assumptions for setting our GHG emission reduction targets, our 2030 modelled outcomes include our 2030 growth trajectories and reflect the expected technology advances, product formulation changes and portfolio shifts in the period.	E	Future Promise	No	Unsubstantiated
Unilever	18	Our GHG emissions for 2015 (scope 1 and 2) and 2021 (scope 3) were considered as representative of Unilever’s typical GHG emissions profile and form the baselines for our targets.	E	Future Promise	No	Unsubstantiated
Unilever	18	This will be assessed for scope 1, 2 and 3 in 2026 following the demerger.	E	Future Promise	No	Unsubstantiated
Unilever	18	We have plans in place to cover 100% of our emissions in scope of our scope 1 and 2 target through three priority decarbonisation levers: thermal and electrical energy, renewable power and refrigeration.	E	Future Promise	Partial	Weak Evidence
Unilever	18	Our current actions only partially address the total emissions in scope of our scope 3 target.	E	Future Promise	No	Unsubstantiated
Unilever	18	Of the identified plans, we expect the most material reductions to come from scope 3 E&I and FLAG emissions related to raw materials and ingredients.	E	Future Promise	No	Unsubstantiated
Unilever	18	(b) The scaling and innovation gap represents the amount of GHG emissions for which we need to develop new or scale existing solutions.	E	Vague	No	Vague
Unilever	18	(c) Represents 15.7m CO2eT of total reductions by 2030 vs. 2021 baseline plus additional reductions to cater for emissions from growth in the period 2021–2030.	E	Future Promise	No	Unsubstantiated
Unilever	18	Scope 1 and 2 target performance The percentage change in scope 1 and 2 market-based GHG emissions is the difference between the current reporting period and the 2015 baseline period (1 October 2014 to 30 September 2015).	E	Future Promise	No	Unsubstantiated
Unilever	18	Despite headwinds in the reduction of our scope 1 and 2 GHG emissions, driven by vertical integration projects and manufacturing network changes, we continued to make progress in lowering our operational emissions through interventions such as those highlighted on page 227.	E	Vague	No	Vague
Unilever	18	The demerger of our Ice Cream business has had a marginal impact on our scope 1 and 2 target, with performance slightly lagging that of the rest of Unilever.	E	Future Promise	No	Unsubstantiated
Unilever	19	Allocation is not performed for categories that represent <5% of total emissions, except for Category 13: Downstream leased assets where emissions are allocated in full since they relate to ice cream cabinets.	E	Strong	Yes	Supported
Unilever	19	This is a significant improvement from 2024 and marks a key milestone towards advancing the representativeness of our GHG data, as detailed on page 227.	E	Vague	No	Vague
Unilever	19	Scope 3 E&I: The reduction in E&I emissions since 2021 has been driven by a combination of purchased material volume decline, availability of supplier- specific PCFs and improvements in GHG measurement.	E	Vague	No	Vague
Unilever	19	We expect progress against our E&I target to be challenging given the significant contribution from the petrochemicals sector and end-of-life emissions from surfactants.	E	Future Promise	No	Unsubstantiated
Unilever	19	However, we are making progress to develop and scale lower GHG alternatives for these chemicals, as well as engaging with governments to accelerate the transition to sustainable chemicals, as set out on page 228.	E	Vague	No	Vague
Unilever	19	Scope 3 FLAG: The good progress we have made in reducing our FLAG emissions since 2021 has been driven by several factors, including improved data relating to the GHG impact of our deforestation-free sourcing programme for palm oil and the availability of supplier-specific PCFs.	E	Vague	No	Vague
Unilever	19	While separate product-level modelling provides an indication of the potential GHG impact of reformulation initiatives, isolating these effects in our annual GHG results is an area we aim to progress in future years.	E	Future Promise	No	Unsubstantiated
Unilever	20	Scope 1 factors are provided by the IPCC, and scope 2 factors are based on Renewable Energy Attribute Certificates or supplier data, following the GHG Protocol’s scope 2 market-based method.	E	Vague	Partial	Weak Evidence
Unilever	20	Ingredients and packaging purchased by Unilever include emissions generated from production and transportation from ’cradle to gate’ (farming/ mining of raw materials to delivery at Unilever).	E	Vague	No	Vague
Unilever	20	Emission factors for ingredients and packaging purchased by Unilever are obtained from two external sources: 1.	E	Vague	No	Vague
Unilever	20	Supplier product carbon footprint data: These are received annually directly from suppliers participating in the Supplier Climate Programme and internally validated.	E	Vague	Partial	Weak Evidence
Unilever	20	FLAG and E&I emission factors for relevant materials are obtained from the eQosphere database where available (provided by Quantis).	E	Vague	No	Vague
Unilever	20	This data is consolidated and extrapolated across the sales of unclustered products at a category and country level to calculate total emissions of the 13 countries.	E	Strong	Yes	Supported
Unilever	20	Emission category 10 (Processing of sold products) and Emission category 15 (Investments) are not reported as they are not material.	E	Vague	No	Vague
Unilever	21	Allocation is not performed for categories that represent < 5% of total emissions, except for Category 13: Downstream leased assets where emissions are allocated in full since they relate to ice cream cabinets.	E	Strong	Yes	Supported
Unilever	21	(e) Scope 1 emissions regulated by trading schemes amounted to 4.5% in 2025 (2024: 4.2%, 2023: 3.8%).	E	Strong	Yes	Supported
Unilever	21	In 2025, scope 1 and 2 emissions amounted to 0.54 MtCO2 (2024: 0.47 MtCO2).	E	Strong	Yes	Supported
Unilever	21	We have seen an overall decrease of 5% in our total scope 1, 2 and 3 GHG emissions in 2025 from the prior year (including Ice Cream).	E	Strong	Yes	Supported
Unilever	21	Our progress in decarbonising our own operations has led to overall reductions in scope 1 and 2 emissions through interventions in energy efficiency and renewable energy sourcing, as detailed on page 227.	E	Vague	No	Vague
Unilever	21	While we continue to deliver underlying reductions in direct emissions through these interventions, our scope 1 emissions have increased due to the reclassification of some on-site, third-party-produced utilities from scope 2 to scope 1.	E	Vague	Partial	Weak Evidence
Unilever	21	Scope 2 emissions have further decreased as we are now sourcing EACs for smaller offices and warehouses.	E	Vague	No	Vague
Unilever	21	Our overall scope 3 emissions have reduced by 5% versus the previous year (including Ice Cream).	E	Strong	Yes	Supported
Unilever	21	The decrease in purchased goods and services emissions is due to factors including a reduction in purchased material volumes and availability of supplier-specific PCFs.	E	Vague	No	Vague
Unilever	21	Scope 3 emissions have increased for upstream transportation and distribution (logistics), primarily due to the update of in-year emission factors.	E	Vague	No	Vague
Unilever	22	Energy consumption and mix Energy sourced from within the organisational boundary is not counted under ’purchased or acquired’ energy.	E	Vague	No	Vague
Unilever	22	EACs are market-based instruments that authenticate the proportion of energy generated from renewable sources procured by consumers, including Renewable Energy Certificates (RECs), International Renewable Energy Certificates (IRECs), and European Guarantees of Origin (GOs).	E	Vague	No	Vague
Unilever	22	A small number of manufacturing sites generate electricity, heat and steam, which is classified as renewable energy if it is from a renewable source.	E	Vague	No	Vague
Unilever	23	GHG removals, and GHG mitigation projects financed through carbon credits Unilever will not purchase carbon credits to meet our near-term targets.	E	Future Promise	No	Unsubstantiated
Unilever	23	When any of our brands do purchase carbon credits, this is considered ’beyond value chain mitigation’ and does not contribute to the achievement of Unilever’s near-term GHG reduction targets.	E	Future Promise	No	Unsubstantiated
Unilever	23	In 2025, one of our Wellbeing brands made consumer-facing claims with reference to scope 1 and 2 carbon neutrality through purchase of carbon credits, and one of our Prestige brands also purchased carbon credits.	E	Future Promise	No	Unsubstantiated
Unilever	23	In addition, while the focus of our CTAP is on emissions reductions within our value chain, we will seek to balance any unabated emissions within the scope of our net zero 2039 ambition with the same volume of purchased carbon removals from 2039.	E	Future Promise	No	Unsubstantiated
Unilever	24	Consideration of microplastics resulting from our packaging is detailed in our Resource Use and Circular Economy disclosures on page 243.	E	Vague	No	Vague
Unilever	24	However, we evaluate consumer, worker and environmental exposures through our existing ingredient and product safety assessments, ensuring that our products and the ingredient levels we use are safe by design.	S	Vague	No	Vague
Unilever	24	These practices reduce and prevent pollutant emissions and releases to air, land and water.	E	Vague	No	Vague
Unilever	24	Unilever’s Environmental Care Framework Standards (ECFWS) require sites to assess the potential for serious environmental incidents or emergency situations and implement comprehensive plans to prevent or mitigate the associated likely consequences.	E	Future Promise	No	Unsubstantiated
Unilever	24	However, our Responsible Partner Policy (RPP) expects our business partners to put in place appropriate policies, processes and procedures to address environmental issues.	G	Future Promise	No	Unsubstantiated
Unilever	24	Actions Within our own operations, Unilever drives continual improvement in relation to pollution through the ECFWS.	E	Vague	No	Vague
Unilever	24	The framework sets out steps for sites to identify and implement actions addressing pollution-related impacts.	E	Vague	No	Vague
Unilever	24	UMS training and guidance provide a framework for measurement and reporting that supports the identification and reduction of harmful materials.	S	Vague	No	Vague
Unilever	24	Sites periodically develop action plans to improve environmental performance, including pollution control.	E	Future Promise	No	Unsubstantiated
Unilever	24	We seek to minimise pollution by tracking relevant pollutants to air, water and soil, and implementing both normal operating and emergency control measures.	E	Vague	No	Vague
Unilever	24	In 2025, we launched a new global wastewater standard that defines limits for direct discharge of total organic carbon (COD) to the environment.	E	Vague	No	Vague
Unilever	24	Each relevant site performed a gap assessment against the standard and actions are in the process of being agreed where improvements are needed.	S	Vague	No	Vague
Unilever	24	We expect suppliers in our upstream value chain to meet or exceed the mandatory requirements of the RPP by implementing appropriate policies, management systems and practices.	G	Future Promise	No	Unsubstantiated
Unilever	24	We promote sustainable and regenerative agriculture practices in our supply chain through the implementation of the Sustainable Agricultural Principles (SAP) and regenerative agriculture programmes.	E	Vague	No	Vague
Unilever	24	We also require suppliers to have management plans for irrigation, pesticide and fertiliser use to avoid contamination and prevent damage to soils, ecosystems and waterways.	E	Future Promise	No	Unsubstantiated
Unilever	24	Our commitment to producing environmentally safe products is core to our decision-making on ingredient use.	E	Vague	No	Vague
Unilever	24	In some areas, our standards exceed regulatory requirements based on our environmental safety assessments or in regions where regulations are weak or poorly enforced.	S	Vague	No	Vague
Unilever	24	Unilever does not have formal targets for pollution emissions defined at a global level.	E	Future Promise	No	Unsubstantiated
Unilever	24	We monitor emissions from our sites at a local level to ensure compliance with legal requirements and permits.	E	Vague	No	Vague
Unilever	25	Each year, Unilever reviews the emissions volumes of pollutants listed in Annex II of Regulation (EC) No 166/2006 to ensure those near or above threshold levels are sampled, tested or estimated.	E	Vague	No	Vague
Unilever	25	Where laboratory results are below the detection limit, 50% of the detection limit is used in the calculations.	S	Strong	Yes	Supported
Unilever	25	For sites without sampled data, estimates are based on proxy data from sampled sites using statistical modelling reviewed by external experts or, for air pollutants from energy combustion, on published emission factors.	E	Vague	No	Vague
Unilever	25	Estimations make up circa 79% of the remaining reported pollutant emissions (2024: 94%).	E	Strong	Yes	Supported
Unilever	25	These differences are expected and have arisen as a result of key improvements in the accuracy and completeness of data collected from sampling, including more precise reporting at sites and more accurate identification of emission point types.	E	Future Promise	No	Unsubstantiated
Unilever	25	(c) Mercury in water (<0.05t) and total phosphorous in soil (17t), have been removed from our reported pollutants as they are below the reporting threshold in 2025 and not considered potentially near or above threshold levels.	E	Vague	No	Vague
Unilever	26	Actions Water consumption Within our manufacturing operations, we drive continuous improvement through the implementation and monitoring of site-level water management plans.	E	Future Promise	No	Unsubstantiated
Unilever	26	We seek to minimise water abstraction from shared resources per tonne of production, including reusing and recycling freshwater wherever practical.	E	Vague	No	Vague
Unilever	26	We continue to implement water stewardship programmes in water- stressed areas where we have manufacturing sites.	E	Vague	No	Vague
Unilever	26	■In 2025, we implemented nine additional water stewardship programmes, bringing our total to 29 active programmes (excluding one programme relating to Ice Cream) in Algeria, Argentina, Brazil, Chile, Cyprus, Egypt, India, Indonesia, Mexico, Nigeria, Pakistan, South Africa, Turkey and United Arab Emirates.	E	Vague	No	Vague
Unilever	26	Programmes focus on reducing the water footprint inside factories or replenishing water resources in the surrounding river basin.	E	Vague	No	Vague
Unilever	26	■In 2026, we will continue to onboard new sites in support of our target to implement water stewardship programmes in 100 locations in water- stressed areas by 2030.	E	Future Promise	Partial	Weak Evidence
Unilever	26	Reducing product demand To respond to changes in water access, we invest in water-smart products and formulations that deliver superior performance to our customers even in countries with high water stress.	E	Vague	No	Vague
Unilever	26	This product provides a short-cycle, low-water-use formulation.	E	Vague	No	Vague
Unilever	26	We do not have formal targets on water withdrawal in our own operations or upstream value chain.	E	Future Promise	No	Unsubstantiated
Unilever	26	Water withdrawal from our own operations is addressed through our manufacturing processes and measured against local environmental performance targets, rather than global targets.	E	Future Promise	No	Unsubstantiated
Unilever	26	Within our upstream value chain, we manage water risk through our RPP and verify compliance with its mandatory requirements and management systems as described above.	G	Vague	No	Vague
Unilever	26	Further, we do not have targets on water- smart product design.	E	Future Promise	No	Unsubstantiated
Unilever	26	Unilever’s target is to implement water stewardship programmes in 100 locations in water-stressed areas by 2030, in line with our Environmental Policy.	E	Future Promise	Partial	Weak Evidence
Unilever	26	In 2026, we will update this target to focus our impact with the aim of implementing stewardship programs for 100% of our production sites located in water-stressed areas by 2030.	E	Future Promise	Partial	Weak Evidence
Unilever	26	Programmes must be implemented within the catchment of a Unilever water-stressed location, operate in line with either the Alliance for Water Stewardship Standard or the Prabhat approach, and be approved by a Unilever authority.	E	Vague	No	Vague
Unilever	27	For sites where this information is not collected (representing 2% of water consumption), consumption is estimated based on site headcount, pallet positions and proxy data.	E	Strong	Yes	Supported
Unilever	27	Unilever sites in areas at water risk, including areas of high water stress, are identified using the World Resources Institute (WRI) Aqueduct Water Risk Atlas tool.	E	Vague	No	Vague
Unilever	28	Environmental pressures pose significant risks to supply chain stability and productivity, affecting crop yields, raw material availability and long-term sourcing strategies.	E	Vague	No	Vague
Unilever	28	These regenerative agriculture programmes build on our sustainable sourcing programmes, strengthening supplier practices and reducing risks linked to agricultural commodity dependence.	E	Vague	No	Vague
Unilever	28	For example, we support independent palm smallholders through the creation of development hubs that coordinate activities to improve farm productivity and ecosystem protection and restoration.	S	Vague	No	Vague
Unilever	28	In 2025, we began developing an updated nature strategy in line with the ACT-D (Assess, Commit, Transform, Disclose) framework that seeks to recognise and leverage the interconnected challenges of climate, biodiversity, livelihoods and pollution to ensure an integrated approach.	E	Vague	No	Vague
Unilever	28	Unilever does not have a dedicated biodiversity and ecosystem protection policy focused specifically on impacts from operational sites in or near biodiversity-sensitive areas.	E	Vague	No	Vague
Unilever	29	Actions Our actions and resources focus on four priority strategic areas and address our material nature-related impacts, dependencies and risks.	E	Vague	No	Vague
Unilever	29	We do not use biodiversity offsets within any of our actions.	E	Vague	No	Vague
Unilever	29	Regenerative agriculture In 2025, we implemented 12 new regenerative agriculture programmes, bringing our total to 34 programmes (excluding one project relating to Ice Cream) that collectively cover 254,000 hectares since 2021.	E	Strong	Yes	Supported
Unilever	29	We have plans to increase the implementation of our regenerative agriculture initiatives to more than 400,000 hectares through supplier programmes and co-investment through our Regenerative Agriculture Fund in 2026.	E	Future Promise	Partial	Weak Evidence
Unilever	29	Every project includes a range of relevant metrics covering biodiversity, climate and other ecosystem changes via our Measure, Report, Verify (MRV) framework, which generates output- and outcome-level data annually.	E	Vague	No	Vague
Unilever	29	Sustainable sourcing In 2025, we sourced 81% of our key crops sustainably; this includes 19% via purchased sustainability credits.	E	Strong	Yes	Supported
Unilever	29	Our goal is to source 95% of our key crops sustainably by 2030.	E	Future Promise	Partial	Weak Evidence
Unilever	29	This action incorporates local and Indigenous knowledge and nature-based solutions through the requirements embedded within our SAP.	E	Vague	No	Vague
Unilever	29	Deforestation-free supply chains In 2025, we exceeded 95% purchase volumes of palm oil, paper and board, tea, soy and cocoa as deforestation-free, based on Unilever’s requirements.	G	Strong	Yes	Supported
Unilever	29	This investment will further expand our independent mills and direct sourcing associated with smallholder programmes.	S	Future Promise	No	Unsubstantiated
Unilever	29	This supply chain collaboration enhances our impact and allows us to maintain and grow deforestation- free sources.	E	Vague	No	Vague
Unilever	29	We have continued to invest in the verification of suppliers against our Independent Verification Protocols, expanding the implementation of our deforestation-free sourcing programme, addressing risk, and ensuring the resilience of our supply chain and supporting ecosystems.	E	Vague	No	Vague
Unilever	29	This has resulted in suppliers participating in Unilever’s supply chain and the protection and restoration of more than 8,000 hectares of forest.	E	Strong	Yes	Supported
Unilever	29	Our deforestation-free landscape strategy also includes empowerment and inclusion of smallholders in our supply chain, through direct sourcing approaches as well as working across landscapes.	S	Vague	No	Vague
Unilever	29	In 2025, Unilever continued to increase the number of palm oil smallholder farmers across Indonesia trained in sustainable agricultural practices, with around 29,500 trained since January 2024.	S	Vague	No	Vague
Unilever	29	In addition, as part of our inclusive sourcing initiative, we have now mapped over 55,000 palm smallholder farmers, while further supporting RSPO smallholder certification across our palm supply base.	S	Vague	No	Vague
Unilever	29	Local and Indigenous knowledge is integrated into our smallholder programme at every phase, including programme design and smallholder engagement, to support comprehensive land mapping and evaluation processes.	S	Vague	No	Vague
Unilever	29	In 2026, we will further extend our deforestation-free verification programme to additional sources and suppliers, with a particular focus on independent mills.	E	Future Promise	No	Unsubstantiated
Unilever	29	We have implemented 14 programmes (excluding two projects relating to Ice Cream) in total since 2021, covering around 660,000 hectares cumulatively.	E	Strong	Yes	Supported
Unilever	29	All actions are tracked against our target of protecting and restoring 1 million hectares of natural ecosystems by 2030.	E	Future Promise	Partial	Weak Evidence
Unilever	29	Here, we actively supported programmes leveraging multi-stakeholder collaboration, such as the Coalition for Sustainable Livelihoods to protect the Leuser Ecosystem and Conservation International in the Tapanuli Selatan region.	S	Vague	No	Vague
Unilever	29	Specific actions for 2026 include scaling up our Mangrove Initiative for people, climate and nature in Ecuador, which we are delivering with Conservation International, the Green Climate Fund (GCF) and the Government of Ecuador.	E	Vague	No	Vague
Unilever	29	Policy recommendations, including scaling up incentives in support of regenerative practices, were shared with the Brazilian Government.	E	Vague	No	Vague
Unilever	29	■Climate Week NYC and COP30: The need to create a regulatory landscape that supports farmers to transition to, and maintain, regenerative approaches was further reinforced at Climate Week NYC and COP30.	E	Vague	No	Vague
Unilever	30	Our protect and restore and no-deforestation targets represent a unified approach to ecosystem intervention, aiming to address biodiversity loss risks and potential regulatory or activist challenges in areas surrounding our value chain.	E	Future Promise	No	Unsubstantiated
Unilever	30	We set targets for both our regenerative agriculture and protect and restore programmes based on exposure to land and our key crops sourcing footprint, which we estimate at 4 million hectares.	E	Future Promise	Partial	Weak Evidence
Unilever	30	By 2030, our regenerative agriculture programme aims to cover approximately 25% of the land required to grow the agricultural raw materials associated with our key crops for Unilever’s products.	E	Future Promise	Partial	Weak Evidence
Unilever	30	After achieving 97.5% deforestation-free sourcing of our five primary deforestation-linked commodities (palm oil, paper and board, tea, soy and cocoa) in 2023, we set a new goal to maintain 95% deforestation-free sourcing.	G	Future Promise	Partial	Weak Evidence
Unilever	30	Target-setting was informed by, but not aligned with, the Kunming-Montreal Global Biodiversity Framework, and all our targets can be allocated to the avoidance, minimisation, restoration, and rehabilitation layers of the mitigation hierarchy.	E	Future Promise	No	Unsubstantiated
Unilever	30	Measuring performance against this target includes the partial use of credits to address the unavailability of physically sustainable (certified) sources in some markets.	E	Future Promise	Partial	Weak Evidence
Unilever	30	These credits are compensatory and not associated with providing biodiversity improvements.	E	Vague	No	Vague
Unilever	30	Allocation to Ice Cream Implement regenerative agriculture practices: Programmes funded by or associated to an Ice Cream brand.	E	Vague	No	Vague
Unilever	31	(d) Raw materials purchased from non-sustainable sources but matched with credits representing verified sustainably sourced raw materials were 19% in 2025 (2024: 16%, 2023: 13%).	E	Strong	Yes	Supported
Unilever	31	We continued to make progress against our regenerative agriculture target, implementing 12 new programmes in 2025.	E	Future Promise	No	Unsubstantiated
Unilever	31	We plan to further scale the implementation of our initiatives through investment in our Regenerative Agriculture Fund in 2026.	E	Future Promise	No	Unsubstantiated
Unilever	31	In addition, we continued to deliver ahead of our goal to maintain 95% purchase volumes as deforestation-free.	E	Future Promise	Partial	Weak Evidence
Unilever	31	Our performance against our sustainable sourcing target is in line with expectation, as there has been a decline in some portfolios (dairy, sugar and cocoa) offset by improvements in others (starches and cereals).	E	Future Promise	No	Unsubstantiated
Unilever	31	As the majority of cocoa volumes relate to Ice Cream, we will review the scope of our targets in 2026 and update our key crops accordingly.	E	Future Promise	No	Unsubstantiated
Unilever	31	A Protected Area (PA) is a clearly defined geographical space recognised, dedicated and managed through legal or other effective means to achieve the long-term conservation of nature, along with associated ecosystem services and cultural values.	E	Vague	No	Vague
Unilever	31	(c) During the reporting period, 5 sites were transferred to Ice Cream which covered an area of 42 hectares.	E	Strong	Yes	Supported
Unilever	31	We undertook a comprehensive review of our site list to clarify ownership structures and operating status which led to a reduction in the number of sites in scope.	E	Vague	No	Vague
Unilever	32	Our policies in relation to plastic packaging encompass the reduction in our use of virgin plastics, and our policies in relation to hazardous waste encompass waste management.	E	Vague	No	Vague
Unilever	32	Unilever’s policies regarding the sustainable sourcing of raw materials are detailed in our Biodiversity and Ecosystems section on page 239.	E	Vague	No	Vague
Unilever	32	To date, we have driven the majority of our virgin plastic reduction through the use of post-consumer recycled plastic (PCR).	E	Vague	No	Vague
Unilever	32	For example, following significant technical advances with suppliers to unlock the supply of high-quality recycled plastic, our Wonder Wash laundry detergent bottles in the UK and Europe, and our Hellmann’s Squeeze bottles in Brazil, now contain up to 100% PCR (excluding lids and caps).	E	Strong	Yes	Supported
Unilever	32	In 2025, we purchased more than 152 kilotonnes of recycled plastic in our packaging as part of these and other initiatives.	E	Strong	Yes	Supported
Unilever	32	In 2025, we collected and processed more plastic than we sold through our purchase of recycled plastic, strategic partnerships and participation in EPR schemes.	E	Vague	No	Vague
Unilever	32	To achieve this, we have expanded partnerships with waste management providers and community-based collection systems, such as those with Lohjinawi and Persada in Indonesia.	E	Vague	No	Vague
Unilever	32	We continue to improve recyclability in practice and further increase access to recycled content through advocacy and targeted investments.	E	Future Promise	No	Unsubstantiated
Unilever	32	For example, through Circulate Capital’s Ocean Fund, we are investing in waste collection infrastructure in places like India, Indonesia and Latin America.	E	Vague	No	Vague
Unilever	32	We are continuing to develop next-generation packaging solutions that are reusable, recyclable or compostable, while reducing the virgin plastic we use.	E	Vague	No	Vague
Unilever	32	Our Packaging R&D team is actively developing new flexible packaging materials that are recyclable and/or compostable, and in 2026 we will update our targets to increase focus on our transition to paper-based flexible packaging.	E	Future Promise	No	Unsubstantiated
Unilever	32	For rigid plastic packaging, in 2025, we focused on increasing the roll-out of reusable plastic packaging.	E	Vague	No	Vague
Unilever	32	For example, in the UK we launched Cif’s Infinite Clean all-in-one spray, which uses a reusable trigger spray that reduces plastic waste by 50%.	E	Strong	Yes	Supported
Unilever	32	We also advocate for coordinated and enabling policy measures, like EPR, to create a level playing field and prevent individual business action on plastic from being uncompetitive.	E	Vague	No	Vague
Unilever	32	In 2025, we supported the creation of the Consumer Goods Forum’s policy guidelines for effective, locally tailored EPR systems in low- and middle-income countries, building on previously published Optimal EPR Principles.	S	Vague	No	Vague
Unilever	32	Waste management, including hazardous waste We drive continuous improvement in waste management at our sites, including hazardous waste, through the Environmental Care Framework Standard (ECFWS).	E	Vague	No	Vague
Unilever	32	Our sites follow a framework to identify and implement actions to address negative waste-related impacts.	E	Vague	No	Vague
Unilever	32	Periodically, sites develop action plans to improve environmental performance, including waste management, and monitor progress throughout the year to ensure the timely closure of actions.	E	Future Promise	No	Unsubstantiated
Unilever	32	In 2024, we introduced a global Waste Standard mandating minimum requirements for managing hazardous and non-hazardous waste at all Unilever sites.	E	Vague	No	Vague
Unilever	32	The standard mandates the application of the waste hierarchy, engaging employees on waste management principles and auditing of our waste service providers.	G	Vague	No	Vague
Unilever	32	To reduce our waste footprint, the standard also requires sites to maintain zero non-hazardous waste from manufacturing to landfill or incineration without energy recovery.	E	Vague	No	Vague
Unilever	32	Unilever has maintained zero non-hazardous waste to landfill since 2015; we consider this to be maintained when less than 0.5% of non-hazardous waste is disposed to landfill.	E	Strong	Yes	Supported
Unilever	32	Our plastic packaging targets focus on the areas we know will have the most impact such as reducing our use of virgin plastic and developing solutions for hard-to-recycle flexible plastic packaging materials, like sachets.	E	Future Promise	No	Unsubstantiated
Unilever	32	We aim to address plastic pollution by reducing our virgin plastic usage and working to keep plastic in circulation.	E	Future Promise	No	Unsubstantiated
Unilever	32	Having reached our 2025 milestone (excluding Ice Cream), PCR will remain an important lever to deliver our virgin plastic reduction goals.	E	Future Promise	No	Unsubstantiated
Unilever	32	In 2025, we also delivered on our target to collect and process more plastic packaging than we sell.	E	Vague	No	Vague
Unilever	32	From 2026, we will increase focus on our transition to paper-based flexible packaging, with the inclusion of a paper flexibles target in our Sustainability Progress Index (SPI).	E	Future Promise	No	Unsubstantiated
Unilever	32	Making progress on our plastics targets is relevant to EPR schemes and plastic taxes or bans; however, we do not set specific targets to manage these.	E	Future Promise	No	Unsubstantiated
Unilever	32	We do not have formal waste targets in place in our own operations.	E	Future Promise	No	Unsubstantiated
Unilever	32	Our global Safety, Health and Environment (SHE) team measures the manufacturing sites’ waste generation and reduction, and site-level plans are developed where improvements are needed.	E	Future Promise	No	Unsubstantiated
Unilever	33	Plastics targets The scope of our plastic packaging targets includes plastic packaging in 26 countries, which account for approximately 82% of Unilever’s sales.	E	Future Promise	Partial	Weak Evidence
Unilever	33	Reduce our virgin plastic footprint by 30% by 2026, and 40% by 2028, from a 2019 baseline; and Use 25% recycled plastic in our packaging by 2025 Virgin plastic packaging is derived from fossil fuels and/or bio-based sources and has not been recycled.	E	Future Promise	Partial	Weak Evidence
Unilever	33	2019 plastic packaging volumes are estimated by country and Business Group, based on the volume of plastic purchased in 26 countries in 2023 and the ratio of 2019 and 2023 total product sales volumes.	E	Strong	Yes	Supported
Unilever	33	100% of our plastic packaging to be reusable, recyclable or compostable by 2030 (for rigids) and 2035 (for flexibles); and Collect and process more plastic packaging than we sell by 2025 Plastic packaging volumes are based on plastic packaging used in products sold.	E	Future Promise	Partial	Weak Evidence
Unilever	33	■Plastic packaging collected through activities directly funded by Unilever, tracked by country through invoices, contracts or other written confirmation from the relevant supplier organisations.	E	Vague	No	Vague
Unilever	33	Bottle collection is excluded to prevent double-counting with post- consumer recycled plastic packaging purchased by Unilever.	E	Vague	No	Vague
Unilever	33	We have increased our use of PCR by 4% compared to 2024, reaching 25% PCR and meeting our 2025 target.	E	Future Promise	Partial	Weak Evidence
Unilever	33	This progress was driven by packaging that introduced or expanded the use of recycled plastics and the demerger of our Ice Cream business, as Ice Cream products typically contain less recycled plastic than other parts of Unilever’s portfolio.	E	Vague	No	Vague
Unilever	33	We also decreased our virgin plastic footprint by 6% compared to 2024, primarily through the expansion of PCR (including and excluding Ice Cream).	E	Strong	Yes	Supported
Unilever	33	This, alongside lightweighting innovations (reducing the mass of plastic components and packaging) and alternative formats that remove plastic from our packaging, remain important levers to reducing virgin plastic.	E	Vague	No	Vague
Unilever	33	Progress against our reusable, recycle or compostable goal remains comparable with prior year; there was a 2% improvement in flexibles resulting from increased sales of recyclable flexibles and updates to recyclability assessments.	E	Future Promise	Partial	Weak Evidence
Unilever	33	Our plastic collection programme is now implemented in 14 countries (2024: 11), the progress of which was supported by long-standing partners and new collaborators.	E	Strong	Yes	Supported
Unilever	34	■Packaging materials include plastic, paper and board, glass and aluminium, and both virgin and secondary materials (materials derived from the recycling of primary materials that are reprocessed and then reused).	E	Vague	No	Vague
Unilever	34	Resource inflows metrics: Products and technical and biological materials used, including secondary materials Measured based on tonnes of raw and packaging materials purchased for Unilever operations and collaborative manufacturing, and water consumed in Unilever operations.	E	Vague	No	Vague
Unilever	34	Resource inflows metrics: Biological materials that are sustainably sourced Measured based on tonnes of biological raw and packaging materials purchased by Unilever.	E	Vague	No	Vague
Unilever	34	(b) Of the total tonnes, 52% (2024: 47%) was raw and packaging materials purchased for Unilever operations and collaborative manufacturing, and 48% was water consumed in operations.	E	Strong	Yes	Supported
Unilever	34	(c) Of the total Ice Cream tonnes, 33% was raw and packaging materials purchased for Unilever operations and collaborative manufacturing, and 67% was water consumed in operations.	E	Strong	Yes	Supported
Unilever	34	Resource Outflows Products and materials Description of resource outflows Resource outflows include consumer products, the packaging materials used to contain or protect them, and waste materials.	E	Vague	No	Vague
Unilever	35	Our plastic packaging actions and ’actual recyclability’ goals are outlined on page 243.	E	Future Promise	No	Unsubstantiated
Unilever	35	Product and material metrics (%) 2025 2024(a) Rate of recyclable content in packaging materials used 80% 78% Ice Cream product and material metrics (%) Rate of recyclable content in packaging materials used 79% — (a) 2024 measured including Ice Cream.	E	Strong	Yes	Supported
Unilever	35	This is based on documentation, provided by waste service providers, which breaks down the type of waste that has been collected, the amount and the waste management route.	E	Vague	No	Vague
Unilever	35	For the remaining sites, representing 2% of volumes, estimates are made for hazardous and non-hazardous waste based on measured sites and site headcount or pallet position.	E	Strong	Yes	Supported
Unilever	36	EU Taxonomy Disclosures OVERVIEW The EU Taxonomy regulation, part of the European Action Plan for Sustainable Finance, aims to direct capital flows into sustainable activities.	E	Future Promise	No	Unsubstantiated
Unilever	36	In preparing our 2025 disclosure, we have followed the guidance provided by the European Union on treating turnover and capital expenditure from disposal groups and discontinued operations.	G	Vague	No	Vague
Unilever	36	We meet the minimum set of criteria with respect to human rights, corruption and bribery, taxation and fair competition.	G	Vague	No	Vague
Unilever	38	We regularly review human rights issues to ensure our approach remains focused on saliency.	S	Vague	No	Vague
Unilever	38	The assessment identified the following as our salient human rights issues: ■Bullying and harassment; ■Discrimination; ■Fair wages and income; ■Forced labour; ■Freedom of association and collective bargaining; ■Health; ■Land rights (including Indigenous Peoples’ rights); and ■Working hours.	S	Vague	No	Vague
Unilever	38	Ensuring product safety is fundamental to our business, and involves evaluating raw materials, product design and development, and manufacturing processes, with special consideration for vulnerable populations where relevant.	S	Vague	No	Vague
Unilever	38	Protected characteristics include race, age, role, gender, gender identity, colour, religion, country of origin, sexual orientation, marital status, dependents, disability, social class, political views or any other class protected by law.	S	Vague	No	Vague
Unilever	39	Providing employees and workers in the value chain with fair wages or incomes, including payment of a living wage, can have a significant impact on their livelihoods.	S	Vague	No	Vague
Unilever	39	Communities connected to the areas where we operate, source and conduct business may be affected by land rights issues.	S	Vague	No	Vague
Unilever	39	In many markets, consumers are increasingly focused on products that combine great taste and health with limited salt, sugar, saturated fats and calories, as well as provide positive nutrition such as proteins, vitamins and minerals, fibre and vegetables.	S	Vague	No	Vague
Unilever	39	Unilever continues to focus on products that respond to these challenges through innovations and investments in sustainable brands, which provides an opportunity to create a competitive advantage and drive revenue growth.	E	Vague	No	Vague
Unilever	39	A fair wage or income supports an individual’s right to adequate living standard and is determined using multiple dimensions, including consideration of the hours worked, the pay systems used, the information workers receive in advance about their pay, and how this information is communicated.	S	Vague	No	Vague
Unilever	40	Unilever’s commitment to respect human rights extends across our operations, value chain, affected communities and consumers.	S	Vague	No	Vague
Unilever	40	■Value chain: Our upstream value chain includes workers employed by our business partners, including manufacturing facilities, laboratories and refineries, professional service providers, agricultural workers and smallholder farmers growing and harvesting crops for use as ingredients in our products.	S	Vague	No	Vague
Unilever	40	Our downstream value chain includes drivers and transport operators who ensure our products reach our customers, and retail employees selling our products to customers.	S	Vague	No	Vague
Unilever	40	As a result, we have not included affected communities as a separate topic within the sustainability statement, as policies, actions, targets and metrics are disclosed with the Approach to Human Rights section.	S	Future Promise	No	Unsubstantiated
Unilever	40	Human rights policies Unilever’s Human Rights Policy Statement sets out our commitment to respect human rights and our approach to embedding its overarching principles throughout our business.	S	Vague	No	Vague
Unilever	40	We initiated a comprehensive review of our sustainability and human rights policy framework in 2025 to ensure alignment with emerging legislation and external benchmark standards.	E	Vague	No	Vague
Unilever	40	■Providing fair and equitable wages that meet or exceed legal or industry standards.	S	Vague	No	Vague
Unilever	40	■Respecting the dignity of the individual and the right of employees to freedom of association and collective bargaining.	S	Vague	No	Vague
Unilever	40	Team leaders have operational responsibility for health and safety in our own workforce and must: ■Establish and maintain appropriate systems; ■Identify and manage hazards and risks; ■Investigate and report all incidents and near misses; and ■Ensure appropriate communications and training is provided.	S	Vague	No	Vague
Unilever	40	Implementation of the RPP is guided by the Responsible Sourcing and Business Partnering Code Policy, which ensures that the teams contracting with third parties understand the RPP and consult the Responsible Business team on remediation of issues, such as human rights non-compliances.	G	Vague	No	Vague
Unilever	40	The results determine which business partners require external auditing and specific engagement; for high-risk sites, either a site audit or a desktop assessment verifies supplier compliance with RPP requirements.	G	Vague	No	Vague
Unilever	40	This includes a focus on the rights of Indigenous Peoples and local communities with respect to livelihoods, food security and resources, along with commitments to respect and promote land rights.	S	Vague	No	Vague
Unilever	40	In addition, Unilever’s Principles in Support of Human Rights Defenders outline our commitment to respecting human rights defenders (HRDs).	S	Vague	No	Vague
Unilever	40	These Principles are guided by the UN Declaration on the Right and Responsibility of Individuals, Groups and Organs of Society to Promote and Protect Universally Recognized Human Rights and Fundamental Freedoms, the UNGPs, and the UN Declaration on the Rights of Indigenous Peoples.	S	Vague	No	Vague
Unilever	40	Our commitment to conducting business with integrity while respecting human rights is driven through our COBP and Code Policies, including commitments to our consumers and society.	G	Vague	No	Vague
Unilever	41	Responsibility for our human rights commitment is embedded across all parts of our business.	S	Vague	No	Vague
Unilever	41	Central functions such as Sustainability, Procurement and Legal teams provide guidance and support in addressing our salient human rights issues.	E	Vague	No	Vague
Unilever	41	We also engage with rightsholders via grievance mechanisms to understand concerns and issues and, where appropriate, provide remedy.	S	Vague	No	Vague
Unilever	41	This session provided a platform for open dialogue on emerging human rights issues and trends, and for gathering views and insights on strengthening our approach to HRDD.	S	Vague	No	Vague
Unilever	41	We support independent palm smallholders through the creation of development hubs in partnership with SNV, Forum Konservasi Leuser and World Resources Institute.	S	Vague	No	Vague
Unilever	41	These hubs coordinate activities to improve farm productivity, livelihoods and ecosystems to strengthen incomes, resilience and sustainable market access.	E	Vague	No	Vague
Unilever	41	We also work with partners and peers on the Respecting Indigenous Peoples and Local Communities Rights Affected by Agricultural Production in Indonesia project, aiming to identify and address systemic barriers to land rights, strengthen local mediation capabilities, and co-develop scalable, community-driven solutions.	S	Future Promise	No	Unsubstantiated
Unilever	41	Identifying and assessing human rights risks A multidimensional approach is used to identify potential and actual human rights impacts, incorporating data, risk indicators and insights from a wide range of sources.	S	Vague	No	Vague
Unilever	41	This data is used to estimate the likelihood of impacts and identify areas where further verification, such as desktop or on-the-ground audits, may be required.	G	Vague	No	Vague
Unilever	41	Pre-acquisition, we evaluate policies, processes and management systems to ensure respect for human rights is embedded within the entity’s operations and value chain.	S	Vague	No	Vague
Unilever	41	Post-acquisition, onboarding processes include creation of corrective action plans to address gaps identified during the pre-acquisition phase and integration of the new entity into Unilever’s compliance systems.	G	Future Promise	No	Unsubstantiated
Unilever	41	Actions to address potential human rights impacts, often conducted in partnership with peer companies and expert partners, include: ■Embedding effective management systems throughout our operations; ■Providing training and capability building; and ■Participating in advocacy and multi-stakeholder collaborations to address root causes and facilitate systemic change.	S	Vague	No	Vague
Unilever	41	2025 actions Key deliverables across our value chain and affected communities include: ■Supporting suppliers through our HRDD development programme to strengthen human rights policies and processes.	S	Vague	No	Vague
Unilever	41	We collaborated with implementation partners to help suppliers respond to maturity assessments and worker engagement surveys, and we will continue to track the progress of agreed actions.	S	Future Promise	No	Unsubstantiated
Unilever	42	■Engaging suppliers through our Palm Oil Social Supplier Development Programme to mitigate negative impacts and improve working conditions.	S	Vague	No	Vague
Unilever	42	This included providing targeted support and conducting impact assessments through interviews with management and workers.	S	Future Promise	No	Unsubstantiated
Unilever	42	■Continuing to partner with VietCycle on the ‘Plastic Reborn’ programme to provide training, PPE and other essential support to over 3,000 waste collectors in Vietnam since 2021.	E	Vague	No	Vague
Unilever	42	■Collaborating with Proforest and peers in Indonesia to tackle barriers to land rights, strengthen mediation capabilities and co-create scalable, community-driven solutions.	S	Vague	No	Vague
Unilever	42	This was delivered through phase two of the Respecting Indigenous Peoples and Local Communities Rights Affected by Agricultural Production in Indonesia project.	S	Vague	No	Vague
Unilever	42	All rightsholders have access to raise concerns through our Unilever Code Support Line (whistleblowing line) and online Speak Up platform, including any suspected Code breaches, breaches of the Responsible Partner Policy (RPP) or cases of non-respect of the UNGPs.	G	Vague	No	Vague
Unilever	42	All investigations of suspected Code breaches are conducted by a Business Integrity Officer.	G	Vague	No	Vague
Unilever	42	While Unilever grievance mechanisms are in place, we believe issues are best addressed close to where the impact occurred.	S	Vague	No	Vague
Unilever	42	Our approach is to work with partners to ensure they have effective and trusted grievance mechanisms for their workers.	S	Vague	No	Vague
Unilever	42	At a commodity level, our People and Nature Grievance Mechanism provides a framework for investigating and resolving potential and actual social and environmental impacts, including those raised by rightsholders in the communities where we operate or source from.	S	Vague	No	Vague
Unilever	42	We work with business partners and other stakeholders as needed and engage with rightsholders to better understand the impact and ensure remediation actions meet the needs of the affected individual or community.	S	Vague	No	Vague
Unilever	42	Issues identified during RPP audits are independently verified by a third-party within 90 days to verify whether remediation measures have been effective.	G	Vague	Partial	Weak Evidence
Unilever	42	Our RPP Implementation Guidance provides resources to support business partners in remedying issues.	G	Vague	No	Vague
Unilever	42	■Engaging with business partners in Turkey to develop and implement a repayment plan to reimburse workers who covered the costs of their own health checks during recruitment processes.	S	Future Promise	No	Unsubstantiated
Unilever	42	We periodically publish the findings of business partner audit reports, with the last report published in 2023.	G	Vague	No	Vague
Unilever	42	We publish regular updates on our actions to manage potential and actual human rights impacts through our website at unilever.com.	S	Vague	No	Vague
Unilever	42	With respect to affected communities, reported grievances are recorded in our People and Nature Grievance Tracker and we publish details on our website.	S	Vague	No	Vague
Unilever	43	Unilever is committed to respecting human rights across our operations, value chain and communities in which we operate.	S	Vague	No	Vague
Unilever	43	However, due to the nature of human rights, we do not define formal targets.	S	Future Promise	No	Unsubstantiated
Unilever	43	(c) 2024 incidents relate to cases identified through 2023 RPP audit data.	G	Strong	Yes	Supported
Unilever	44	They set out our commitment to fostering a workplace that is inclusive, free from discrimination and founded on mutual trust.	S	Vague	No	Vague
Unilever	44	Additionally, they incorporate explicit non-retaliation policies protecting individuals who report concerns or alleged breaches of the Code, as outlined in our Governance disclosures on page 266.	G	Vague	No	Vague
Unilever	44	In these, our senior leaders introduced our new CEO, outlined our growth strategy and market performance, shared progress on embedding our new operating model, and answered questions on issues of concern to our workforce, such as the demerger of our Ice Cream business.	S	Vague	No	Vague
Unilever	44	Engaging with workers’ representatives In 2025, we demonstrated our ongoing commitment to fair and transparent industrial relations by actively engaging with employee representatives globally.	S	Vague	No	Vague
Unilever	44	Rights-based discussions were central to the agenda, covering topics such as freedom of association and collective bargaining, precarious employment and job security, restructuring and reorganisation impacts, and occupational health and safety in line with ILO Convention 155.	S	Vague	No	Vague
Unilever	44	Effectiveness of engagement We provide regular updates on workforce engagement activities at Board meetings to ensure employee feedback informs decision-making where appropriate.	S	Vague	No	Vague
Unilever	44	This includes the channels for our own workforce to raise concerns, the investigation and resolution processes in place, as well as non-retaliation policies.	S	Vague	No	Vague
Unilever	44	Any HR grievances that are not escalated through the Speak Up channels, i.e.	G	Vague	No	Vague
Unilever	44	Managing impacts and risks related to own workforce Talent We are an FMCG employer of choice for graduates and early career talent, with a 142:1 applicant to job ratio in 2025 (industry average 38:1) and LinkedIn organic engagement of 12% (industry average 7.4%).	S	Strong	Yes	Supported
Unilever	44	Unilever employees are proud to say that they work for Unilever (88% in 2025) and would recommend Unilever as an employer (81% in 2025).	S	Strong	Yes	Supported
Unilever	44	Immersive culture workshops, across both our office and manufacturing employee populations, have also helped embed our culture and winning behaviours.	S	Vague	No	Vague
Unilever	44	We are training and equipping managers with tools for honest and courageous conversations to improve management of underperformance, supported by our revised global policy on managing underperformance, launched in 2025.	S	Vague	No	Vague
Unilever	45	This refreshed approach ensures a strong talent pipeline, following our 2024–2025 global reorganisation, by identifying and accelerating key talent and strengthening succession plans at senior leadership levels.	S	Future Promise	No	Unsubstantiated
Unilever	45	In 2025, we introduced a data-driven process to better align talent with value, pinpointing our highest-impact roles and the people best positioned to grow into them.	S	Vague	No	Vague
Unilever	45	This talent acceleration engine will become a sustainable, cyclical programme embedded into our talent management practices, ensuring a strong and resilient leadership pipeline.	E	Future Promise	No	Unsubstantiated
Unilever	45	Our succession planning rigour has increased, with dedicated talent forums across business groups and functions, focusing on holistic development for our talent’s current and future roles.	S	Future Promise	No	Unsubstantiated
Unilever	45	We have also invested in building an in-house, end-to-end external recruitment capability, which aims to enable proactive and data-driven talent planning and hiring, and improve recruitment timelines.	S	Future Promise	No	Unsubstantiated
Unilever	45	In 2025, training included: ■Artificial Intelligence (AI): We provided comprehensive training across business groups, geographies and functions.	S	Vague	No	Vague
Unilever	45	■Social-First: We provided global training to our marketers on applying the principle across insight generation, growth strategy, innovation and design, and building brands in culture.	S	Vague	No	Vague
Unilever	45	We have invested in streamlined processes and workforce planning tools, providing HR teams and line managers with enhanced organisational and people insights for improved decision-making.	S	Future Promise	No	Unsubstantiated
Unilever	45	We conduct annual mandatory Code training for all employees, which regularly includes training on how to recognise bullying and harassment, and discrimination.	S	Vague	No	Vague
Unilever	45	We have further mandatory training (such as sexual harassment training) in a number of countries in which we operate, in response to regulatory requirements.	S	Vague	No	Vague
Unilever	45	Training is also made available to employees on subjects such as how to recognise forced labour, our working hours policy and inclusion.	S	Vague	No	Vague
Unilever	45	Fair wages and income Unilever is committed to a fair wage for all employees as codified in our Respect, Dignity and Fair Treatment Code policy.	S	Vague	No	Vague
Unilever	45	Accountability for implementation of the framework sits with the Chief People Officer; the framework is publicly available and applied locally through compensation policies and procedures.	G	Vague	No	Vague
Unilever	45	As part of our Framework’s living wage element, we are committed to paying a living wage to all our direct employees, which we achieved in 2020.	S	Vague	No	Vague
Unilever	45	In 2021, we received our first global independent accreditation as a living wage employer.	S	Vague	No	Vague
Unilever	45	To maintain this standard, Unilever annually reviews direct employees’ pay and benefits against an independent living wage benchmark, with corrective action being taken as necessary.	S	Vague	No	Vague
Unilever	45	’Direct employees’ are all those integrated into Unilever’s global reward structure and human resources information system.	S	Vague	No	Vague
Unilever	45	Health Unilever is committed to providing healthy and safe working conditions for all its employees.	S	Vague	No	Vague
Unilever	45	It is deeply embedded in our culture, governance and operating structures, with accountability at all levels.	G	Vague	No	Vague
Unilever	45	Safety standards and communications Unilever is committed to continuously improving health and safety performance, with strong safety leadership being key.	S	Vague	No	Vague
Unilever	45	These visits demonstrate our leadership’s commitment to safety and encourage people to speak up about unsafe behaviour.	G	Vague	No	Vague
Unilever	45	Our safety culture is embedded through activities like our annual Safety Day, our routine Safety Moments, Safety Campaigns and our annual Global Safety Awards, which celebrate the outstanding work of our teams across the world.	S	Vague	No	Vague
Unilever	45	The 2025 Safety Day campaign was themed around staying three steps ahead when it comes to our safety by identifying risks and the layers of protection needed to keep safe.	S	Vague	No	Vague
Unilever	45	Employees identified high-risk tasks and shared the layers of protection they put in place to stay three steps ahead on their safety.	S	Vague	No	Vague
Unilever	45	Learnings from key incidents and near- misses are shared via training.	S	Vague	No	Vague
Unilever	45	Freedom of association and collective bargaining As set out in our Approach to Human Rights section on page 251, Unilever’s Code Policies reflect our commitments with regard to freedom of association and collective bargaining.	S	Vague	No	Vague
Unilever	45	Additional data points (headcount data for approximately 6% of employees plus manual data points) have been collected as at 31 October 2025; any significant changes to 31 December 2025 are reviewed.	S	Strong	Yes	Supported
Unilever	45	Targets No formal targets have been defined for our own workforce with respect to the material impacts, risks and opportunities identified in our sustainability statement.	E	Future Promise	No	Unsubstantiated
Unilever	46	The total headcount per country is compared to the total headcount of Unilever employees to identify any countries of significant employment (>50 employees that represent more than 10% of headcount).	S	Strong	Yes	Supported
Unilever	46	At 31 December 2025, there were a further 1,060 employees reported as part of the demerger of the Ice Cream business and the net movement of joiners and leavers over the reporting period was (323).	S	Strong	Yes	Supported
Unilever	46	Employee turnover 2025 2024 Total turnover of employees in year (headcount) 16,527 17,334 Rate of employee turnover (%) 17.2% 14.5% The increase in employee turnover, seen between 2024 and 2025, is primarily due to the impact of Unilever’s productivity programme.	S	Strong	Yes	Supported
Unilever	46	Collective bargaining coverage and social dialogue Unilever does not have any EEA countries that meet the criteria of significant employment.	S	Vague	No	Vague
Unilever	46	Therefore we do not report (i) collective bargaining by region within the EEA, or (ii) in relation to social dialogue, the percentage of employees covered at the establishment level by workers’ representatives by country.	S	Vague	No	Vague
Unilever	46	Employees covered by collective bargaining agreements 2025 2024 Total percentage of employees covered by collective bargaining agreements 53.3% 54.6% SOCIAL DISCLOSURES Sustainability Statement Unilever Annual Report and Accounts 2025 257	S	Strong	Yes	Supported
Unilever	47	This is either the applicable legal living or legal minimum wage, the minimum wage set by applicable collective bargaining agreements, or where neither exists, either an appropriate alternative adequate wage benchmark (as set out in AR73) or the voluntary living wage.	S	Vague	No	Vague
Unilever	47	As at 31 December 2025, 100% of Unilever employees were paid an adequate wage.	S	Strong	Yes	Supported
Unilever	47	As at 31 December 2025, 100% of Unilever employees are covered by social protection against loss of income due to one or more major life events, through public programmes or through benefits offered by Unilever.	S	Strong	Yes	Supported
Unilever	47	However, due to different legal systems and employment laws, the employee groups covered by social protection for the different major life events vary across the nearly 100 countries in which Unilever has employees.	S	Strong	Yes	Supported
Unilever	47	The table on the following page sets out the countries in which employees do not have social protection, by event type, and the type of employees who do not have such protection.	S	Vague	No	Vague
Unilever	48	For shared non-manufacturing sites, 10% of incidents are allocated based on the estimated percentage of Ice Cream office employees divided by total office employees.	S	Strong	Yes	Supported
Unilever	48	As of February 2026, for 2 incidents where employees were absent at 31 December 2025, actual days lost for one employee that returned have been included and an additional estimated 95 days included to accommodate anticipated days lost in 2026 for the other employee.	S	Strong	Yes	Supported
Unilever	48	(c) Days lost in 2024 included 7 incidents where employees were absent at 31 December 2024; a total of 448 days were included pertaining to these incidents of which 214 were estimated.	S	Strong	Yes	Supported
Unilever	48	Total actual days lost for the employees were 643 days (including 2 incidents capped at 180 days) based on data provided in 2025.	S	Strong	Yes	Supported
Unilever	49	A substantial proportion of male employees are employed in manufacturing roles, which are typically at the lower end of our internal pay structure and often located in countries with lower prevailing wage levels.	S	Vague	No	Vague
Unilever	49	The demerger of our Ice Cream business also resulted in the average male salary declining more sharply than the average female salary due to the demographic profile of leavers, thereby causing an increase in the gender pay gap.	S	Vague	No	Vague
Unilever	49	In 2025, the highest-paid individual received a euro-denominated package, while many employees are located in countries with materially lower absolute salary levels.	S	Vague	No	Vague
Unilever	49	Substantiation is determined through review by the relevant Unilever Business Integrity Officer and/or Responsible Business Manager and the management of the Third-Party Service Provider, where applicable.	G	Vague	Partial	Weak Evidence
Unilever	50	Delivering positive impacts across our value chain To address barriers to decent livelihoods, we are collaborating with partners to promote systemic change.	S	Vague	No	Vague
Unilever	50	Our actions, which are delivering positive impacts to our value chain, include: ■Equipping suppliers with the tools, knowledge and resources to start measuring their living wage gaps, all of which are made available on our website at unilever.com.	S	Vague	No	Vague
Unilever	50	These resources include free access to living wage data through WageIndicator, a Living Wage Playbook and dedicated clinics through IDH aimed at supporting specific supplier needs.	S	Future Promise	No	Unsubstantiated
Unilever	50	■Helping smallholder farmers to improve their productivity and farming practices by enrolling them in certification schemes and providing access to income growth and regenerative agriculture programmes.	S	Vague	No	Vague
Unilever	50	For example, in India, we are helping coffee farmers improve resilience by training them in regenerative practices like natural fertilisers and water conservation.	E	Vague	No	Vague
Unilever	50	In Indonesia, we are supporting smallholder farmers with high-yield dwarf coconut trees, which is making coconut sugar production faster and safer, alongside training families to optimise the sugar-making process.	S	Vague	No	Vague
Unilever	50	We also help small tea growers in India meet sustainability standards through the Trustea certification programme, providing access to digital tools that promote good agricultural practices.	E	Vague	No	Vague
Unilever	50	We are also continuing to support our last-mile distribution programmes, which help us to reach consumers in remote areas.	S	Vague	No	Vague
Unilever	50	Our Shakti programme supports over 200,000 women micro-entrepreneurs in rural Asia and Africa and provides them with access to business training.	S	Strong	Yes	Supported
Unilever	50	Together, in 2025, we successfully campaigned for living wage to be highlighted in the Doha Political Declaration as a key focus area for government policy aiming to advance social development.	S	Future Promise	No	Unsubstantiated
Unilever	50	We also launched impact studies and engaged businesses and policymakers on living wage in several countries including the Philippines, Pakistan and Brazil.	S	Vague	No	Vague
Unilever	50	As part of Unilever’s 15 sustainability goals, we have set three short-term targets with the aim of delivering long-term impact to the livelihoods of workers in our value chain: ■We are working with smallholder farmers to improve their livelihoods and agricultural practices.	S	Future Promise	No	Unsubstantiated
Unilever	50	Our goal is to help 250,000 smallholder farmers in our supply chain access livelihoods programmes by 2026.	S	Future Promise	No	Unsubstantiated
Unilever	50	Our goal is to ensure that suppliers representing 50% of our procurement spend sign the Living Wage Promise by 2026.	S	Future Promise	Partial	Weak Evidence
Unilever	50	Our goal is to help 2.5 million SMEs in our retail value chain grow their business by 2026.	S	Future Promise	Partial	Weak Evidence
Unilever	50	Targets relating to sustainable sourcing and regenerative agriculture practices in our value chain are detailed in our Biodiversity and Ecosystem disclosures on page 241.	E	Future Promise	No	Unsubstantiated
Unilever	51	For SMEs served by Ice Cream and non-Ice Cream distributors, no allocation is made to Ice Cream since it is assumed that these SMEs will be part of Unilever’s continuing operations following the demerger of our Ice Cream business.	S	Future Promise	No	Unsubstantiated
Unilever	51	We continue to make good progress for suppliers who have signed our Living Wage Promise and are on track to deliver on our 2026 goal of 50% spend.	S	Future Promise	Partial	Weak Evidence
Unilever	51	In addition, we are on track to meet our 2026 goal of reaching 250,000 smallholder farmers, with almost 210,000 accessing livelihood programmes since January 2024 (including Ice Cream).	S	Future Promise	No	Unsubstantiated
Unilever	51	However, progress against our SME target in 2025 was lagging and overall there was a decline in active retailers compared to 2024.	S	Future Promise	No	Unsubstantiated
Unilever	51	Large markets such as India and Indonesia continued to expand SME participation through digital ordering.	S	Vague	No	Vague
Unilever	51	Looking ahead to 2026, the focus will be on accelerating SME onboarding, particularly in home and personal care markets, while deepening engagement through retailer-relevant communication, personalised promotions, and other targeted initiatives to strengthen adoption.	G	Future Promise	No	Unsubstantiated
Unilever	52	Product safety The COBP sets out Unilever’s commitment to providing products and services that are safe for their intended use, as well as accurately and properly labelled, advertised and communicated.	G	Future Promise	No	Unsubstantiated
Unilever	52	Product safety is also governed through the following Code Policies: ■Responsible Innovation Code Policy: describes our commitment to conducting responsible, safe and sustainable research and innovation that fully respects the concerns of our consumers and society.	S	Vague	No	Vague
Unilever	52	■Product Safety & Product Quality Code Policy: sets out our commitment to produce safe, high-quality products and services that meet all applicable standards and regulations.	S	Vague	No	Vague
Unilever	52	These principles ensure that Unilever adheres to the strictest standards in marketing to children and adheres to all relevant local regulations and pledges.	S	Future Promise	No	Unsubstantiated
Unilever	52	Licensing, partnerships and use of characters that may appeal to children are limited to those products that meet the USNC, and all advertising must be responsible, transparent, and avoid promoting unhealthy habits.	G	Vague	No	Vague
Unilever	52	Engaging with consumers and end-users We engage with our consumers and end-users, including those groups considered vulnerable, through a range of communication channels on a continuous basis, reaching over 3 million consumer contacts in 2025 through our various platforms.	S	Strong	Yes	Supported
Unilever	52	We operate consumer care lines around the world for our consumers to share any comments or concerns, with details provided on packs and through our websites.	S	Vague	No	Vague
Unilever	52	We monitor feedback provided by consumers on Unilever’s brands and products on social media and through product reviews on digital commerce sites.	S	Vague	No	Vague
Unilever	52	We also use consumer research from partners such as Kantar, Nielsen and Ipsos, who we engage through their regular surveys and panels.	S	Vague	No	Vague
Unilever	52	We use these insights to support our aim of providing superior products and delivering great consumer experiences.	S	Future Promise	No	Unsubstantiated
Unilever	52	Trained consumer communication agents respond to questions where appropriate, and their use and effectiveness are tracked by monitoring performance against set indicators and through consumer feedback surveys.	S	Vague	No	Vague
Unilever	52	Product safety Concerns raised to Unilever in relation to product safety are shared with relevant internal experts for further investigation.	S	Vague	No	Vague
Unilever	52	In the event of a marketplace incident relating to consumer safety or product quality, an incident management team is activated to ensure timely and effective action.	S	Vague	No	Vague
Unilever	52	We are committed to continually improving our quality performance; however, sometimes we fall short of our product safety and quality standards.	S	Vague	No	Vague
Unilever	52	If this happens, protecting consumers’ safety is our number one priority.	S	Vague	No	Vague
Unilever	52	When necessary, we will issue a public recall of the affected products from the marketplace, even if only small quantities of products are involved.	S	Future Promise	No	Unsubstantiated
Unilever	52	Marketing to Children Our marketing teams are responsible for ensuring compliance with our Marketing to Children Principles.	G	Vague	No	Vague
Unilever	52	Where non-compliance is identified, our teams work to make the necessary changes, such as changes to artwork, to ensure adherence to the principles.	G	Vague	No	Vague
Unilever	52	Code of Business Principles Individuals can report concerns about potential breaches of Unilever’s COBP and Code Policies through our Code reporting channels.	G	Vague	No	Vague
Unilever	53	We have labelling approval processes in place to ensure compliance with external regulations and Unilever’s policies.	G	Vague	No	Vague
Unilever	53	Where necessary, we will issue a public recall of the affected products from the marketplace even if only small quantities of products are involved.	S	Future Promise	No	Unsubstantiated
Unilever	53	In 2025, we issued one public recall relating to the Ice Cream business, which was caused by undeclared allergens.	S	Vague	No	Vague
Unilever	53	We monitor the effectiveness of our product safety processes and controls in a number of ways, including leadership scorecards and tracking key metrics such as marketplace incidents/recalls, consumer- safety-related complaints, and the completion of audits and associated actions.	S	Vague	No	Vague
Unilever	53	We also track the completion of our corrective and preventive actions, for example, those related to marketplace incidents/recalls and consumer-safety-related manufacturing incidents, to ensure that our processes for learning from incidents are effective in preventing future recurrence.	S	Vague	No	Vague
Unilever	53	We also work to improve consumer safety by engaging beyond our business with the scientific community and regulators.	S	Vague	No	Vague
Unilever	53	In 2025, we contributed to the European Commission Roadmap to phase out animal testing for chemical safety assessment as industry co-chair for the European Partnership for Alternative Approaches to Animal Testing (EPAA).	S	Vague	No	Vague
Unilever	53	Our approach to eliminating animal testing without compromising on safety is set out further within our Governance disclosures.	G	Vague	No	Vague
Unilever	53	Marketing to Children The updated Marketing to Children Principles has been published on our Responsible Business platform and communicated through internal channels.	S	Vague	No	Vague
Unilever	53	In addition, the Unilever COBP provides defined processes for escalation, review and remediation where instances of non-compliance arise.	G	Vague	No	Vague
Unilever	53	However, we are committed to continually improving our performance against our product safety and quality standards, monitoring the effectiveness of our processes and controls in multiple ways as set out above.	S	Vague	No	Vague
Unilever	53	Nutritional product quality Policies Continuously improving the nutritional profile of our products and helping consumers adopt better diets without compromising on enjoyment are fundamental to the strategy of our Foods Business Group.	S	Vague	No	Vague
Unilever	53	■Unilever’s Positive Nutrition Standards outline the criteria for ingredients and nutrients that are recommended for increased consumption.	S	Vague	No	Vague
Unilever	53	Managing impacts on consumers and end-users We work to improve the nutritional quality of products on an ongoing basis, innovating and reformulating our products against the USNC and our Positive Nutrition Standards.	S	Vague	No	Vague
Unilever	53	By investing in improvement and innovation, we aim to enhance the nutritional profile of our products without impacting consumer experience.	S	Future Promise	No	Unsubstantiated
Unilever	53	In addition to Unilever’s Science-based Nutrition Criteria, we publish a scoring of our portfolio against six externally endorsed Nutrient Profiling Models, contributing to greater transparency in nutrition disclosure.	G	Vague	Partial	Weak Evidence
Unilever	53	Targets Unilever does not have formal targets relating to nutritional product quality.	S	Future Promise	No	Unsubstantiated
Unilever	54	Products that do not exceed any of the criteria or thresholds are considered to be compliant.	G	Vague	No	Vague
Unilever	54	The threshold values determine the amount of ingredients, macronutrients and micronutrients that need to be present in a Foods or Ice Cream product to deliver positive nutrition.	S	Vague	No	Vague
Unilever	54	A product that contains ingredients, macronutrients or micronutrients meeting at least one of the threshold values is considered to deliver positive nutrition.	S	Vague	No	Vague
Unilever	54	(b) The percentage of our portfolio meeting Unilever’s Science-based Nutrition Criteria excluding Pepsi Lipton joint venture and Ice Cream in 2025 is 86% (2024: 84%).	S	Strong	Yes	Supported
Unilever	54	(c) The number of products sold that deliver positive nutrition excluding Pepsi Lipton joint venture and Ice Cream in 2025 is 54% (2024: 52%).	S	Strong	Yes	Supported
Unilever	54	On a like-for-like basis with 2024 and 2023, the combined percentage of the Foods and Ice Cream portfolio meeting Unilever’s Science-based Nutrition Criteria was 83% and the number of products sold that deliver positive nutrition was 53% in 2025.	S	Strong	Yes	Supported
Unilever	54	Wonder Wash is a laundry detergent designed specifically to work in quick, cold cycles, and has a lower environmental impact than traditional detergents used in long cycles.	E	Vague	No	Vague
Unilever	54	Our RhamnoClean technology, a 100% natural, biodegradable and renewable biosurfactant, has now been embedded into our core hand dishwash products.	E	Strong	Yes	Supported
Unilever	54	Our long-term investment in non-animal safety science has enabled some of our biggest brands to be certified as ’do not test on animals’ by People for the Ethical Treatment of Animals (PETA) and/or through the Coalition for Consumer Information on Cosmetics’ Leaping Bunny scheme.	S	Vague	Partial	Weak Evidence
Unilever	54	Delivering against our ambitious sustainability goals requires innovation.	E	Future Promise	No	Unsubstantiated
Unilever	54	However, we do not set targets at a product level to reduce environmental impact from innovation.	E	Future Promise	No	Unsubstantiated
Unilever	54	See page 243 for actions and targets relating to our plastic packaging.	E	Future Promise	Partial	Weak Evidence
Unilever	55	The key elements of Unilever’s standards of conduct are set out in our Code of Business Principles (COBP) and Code Policies, which provide a set of mandatory rules that govern how we run our business.	G	Vague	No	Vague
Unilever	55	Responsibility for the day-to-day implementation of the COBP and Code Policies is delegated to the Unilever Leadership Executive and all senior management across Unilever’s Business Groups, business units and functions.	G	Vague	No	Vague
Unilever	55	Our business integrity framework is comprised of three pillars: ■Prevention – we seek to embed a culture of integrity at all levels.	G	Vague	No	Vague
Unilever	55	This approach is underpinned by Unilever’s COBP, with each principle supported by a Code Policy setting out what employees must and must not do to ensure they are living the Code.	G	Vague	No	Vague
Unilever	55	These range from mandatory training and a global pledge – where employees actively pledge to uphold these values – to employee town halls and leadership awareness sessions.	S	Future Promise	No	Unsubstantiated
Unilever	55	We aim to continuously improve and further embed a culture of business integrity.	G	Future Promise	No	Unsubstantiated
Unilever	55	We analyse the results of investigations and audit findings to identify trends and opportunities for improvement.	G	Vague	No	Vague
Unilever	55	These responses provide further insight into how strongly business integrity is embedded across the organisation, driving future engagement and action plans.	G	Future Promise	No	Unsubstantiated
Unilever	56	As a result, they help us to protect our brands and reputation, and to prevent harm to people or the environment.	E	Vague	No	Vague
Unilever	56	While the COBP and Code Policies are for internal use, we also publish them externally in support of transparency.	G	Vague	Partial	Weak Evidence
Unilever	56	Business conduct training Employees and Directors are required to know the COBP and Code Policies and understand how to apply them in their work.	G	Vague	No	Vague
Unilever	56	We conduct annual mandatory training for all office-based employees and have tailored training for those employees working in factories and more remote areas.	S	Vague	No	Vague
Unilever	56	Completion of training is tracked, and we follow up with employees who fail to complete mandatory training, taking further action where required.	S	Vague	No	Vague
Unilever	56	Identifying and reporting breaches Unilever’s Code Policies require that actual or potential breaches of the COBP or Code Policies be reported immediately.	G	Vague	No	Vague
Unilever	56	Additionally, we provide robust internal and external reporting platforms that are accessible to our employees and partners to facilitate prompt reporting.	S	Vague	No	Vague
Unilever	56	The available reporting channels are set out in our Code Policies and highlighted during business integrity training and in our communications.	G	Vague	No	Vague
Unilever	56	In 2025, 90% of employees who responded to the survey stated that in their teams, they believe business is conducted with integrity.	G	Strong	Yes	Supported
Unilever	56	Employees are also informed that if they prefer not to use the direct or anonymised channels provided by Unilever, they can utilise other external channels and report directly to the authorities.	S	Vague	No	Vague
Unilever	56	We are committed to a culture of transparency and prohibit retaliation in any form against those who report or seek guidance on ethical or compliance issues, or who report cases under our Code, compliant with the EU Whistleblower Directive.	G	Vague	No	Vague
Unilever	56	The COBP and Code Policies set out that Unilever will not retaliate against employees who raise issues, and that any attempted or actual retaliatory action by employees is in itself considered a Code breach.	G	Future Promise	No	Unsubstantiated
Unilever	56	This approach to non-retaliation is emphasised in global employee training sessions.	S	Vague	No	Vague
Unilever	56	Business Integrity ensures that investigations are timely, objective and impartial.	G	Vague	No	Vague
Unilever	56	All Business Integrity Officers are trained on Unilever’s standards and processes and are required to uphold these at all times.	G	Vague	No	Vague
Unilever	56	Where appropriate and possible, we aim to provide transparency on the investigation’s progress and anticipated completion.	G	Future Promise	No	Unsubstantiated
Unilever	56	This includes ensuring that all third parties are subject to the provided Responsible Partner Policy (RPP) controls for onboarding, contracting and ongoing monitoring.	G	Vague	No	Vague
Unilever	56	The scope of our RPP goes beyond our Tier 1 suppliers, who directly invoice Unilever for goods and services, by including our expectation for suppliers to cascade equivalent requirements within their own supply chains.	E	Future Promise	Partial	Weak Evidence
Unilever	56	New suppliers that do not declare compliance with requirements of the RPP are not onboarded, and Unilever will not conduct business with them.	G	Future Promise	No	Unsubstantiated
Unilever	56	Suppliers are encouraged to communicate with Unilever if they face challenges in meeting the RPP requirements, so we can provide support and guidance.	G	Vague	No	Vague
Unilever	56	We also encourage suppliers to share feedback to help us improve our programmes and governance processes, embracing partnership in areas where we can collaborate in a pre-competitive environment to address endemic issues in our industries.	G	Vague	No	Vague
Unilever	56	In 2025, approximately 86% of our procurement spend (including Ice Cream) was with suppliers that met the mandatory requirements of the RPP.	G	Strong	Yes	Supported
Unilever	57	For over 40 years, we have been working to eliminate animal testing without compromising on safety.	G	Vague	No	Vague
Unilever	57	Unilever’s mandatory standard on animal testing sets out the strict internal approval and control procedures in place to ensure our position is upheld.	G	Vague	No	Vague
Unilever	57	To ensure the safety of our products, we develop and advance the use of safety assessment approaches based on modern science that do not rely on new animal data.	S	Vague	No	Vague
Unilever	57	We work with suppliers, government authorities and non-governmental organisations (NGOs) globally to increase the acceptance and use of non-animal approaches for regulatory compliance purposes.	G	Vague	No	Vague
Unilever	57	People for the Ethical Treatment of Animals (PETA) lists Unilever as a ‘company working for regulatory change’ in recognition of our ongoing work on alternatives to animal testing and our commitment to promoting their adoption worldwide.	G	Vague	No	Vague
Unilever	57	Unilever’s Responsible Sourcing and Business Partnering Code Policy underpins this approach, setting out the responsibilities of employees to ensure that third parties are subject to our RPP policies and controls.	G	Vague	No	Vague
Unilever	57	These prohibit both public and commercial bribery, to or from any third party, and irrespective of financial values involved, and explicitly prohibit facilitation payments.	G	Vague	Partial	Weak Evidence
Unilever	57	Detailed written anti-corruption guidance and standards are also in place in relevant areas, such as with public officials, gifts and hospitality, grants and donations, and conflicts of interest.	G	Vague	No	Vague
Unilever	57	The COBP and Code Policies are available in multiple languages, and lessons are included in the annual mandatory training.	G	Vague	No	Vague
Unilever	57	Preventing, detecting and addressing allegations or incidents of corruption and bribery The core processes to prevent, detect and address allegations or incidents of corruption and bribery are the same as those in place for Unilever’s COBP and Code Policies.	G	Vague	No	Vague
Unilever	57	All potential material cases of corruption and bribery related to public officials are reported to our Chief Legal Officer and Chief Business Integrity Officer, who oversee investigations.	G	Vague	No	Vague
Unilever	57	We continuously introduce tailored measures to mitigate these risks, along with additional bespoke training.	S	Vague	No	Vague
Unilever	57	Anti-corruption and anti-bribery training As part of our annual mandatory Business Integrity learning programme, anti-corruption and anti-bribery training is deployed to all employees.	G	Vague	No	Vague
Unilever	57	Unilever Board members also receive training on this subject.	G	Vague	No	Vague
Unilever	57	Additional bespoke training is offered for employees who may face a greater risk in their activities in respect of corruption or bribery, such as those in external-facing commercial roles.	S	Vague	No	Vague
Unilever	57	The anti-corruption and anti-bribery training programme is sponsored by the Chief Legal Officer and Chief Business Integrity Officer.	G	Vague	No	Vague
Unilever	57	In addition, there have been no deferred prosecution agreements or other significant enforcement activities involving Unilever Group companies in 2025 that required us to take actions to address breaches in procedures and standards of anti-corruption and anti-bribery.	G	Vague	No	Vague
Unilever	57	Political influence and lobbying activities Unilever engages with governments, policymakers, regulators, NGOs and other stakeholders involved in policy and government through our advocacy and lobbying activities.	G	Vague	No	Vague
Unilever	57	Oversight of political engagement In 2025, Unilever’s Chief Corporate Affairs and Communications Officer oversaw both national government engagement and lobbying activity, as well as global engagement with intergovernmental organisations and NGOs.	G	Vague	No	Vague
Unilever	57	Political contributions Unilever companies are prohibited from supporting or contributing to political parties or candidates.	G	Vague	No	Vague
Unilever	57	All Unilever Executive and Non-Executive Directors have confirmed that they have not made any political contributions on behalf of Unilever in 2025, and we do not have any reported cases of breaches with the Political Activities & Political Donations Code Policy.	G	Vague	No	Vague
Unilever	58	Main topics covered by Unilever’s political engagement The scale of Unilever’s business operations, and the fact that many areas of the consumer goods industry are regulated, means we engage regularly with governments and policymakers.	G	Vague	No	Vague
Unilever	58	Topic Main positions on this topic Link to material impacts, risks and opportunities Climate Unilever advocates for changes to public policy frameworks consistent with the 1.5°C ambition of the Paris Agreement.	E	Future Promise	No	Unsubstantiated
Unilever	58	Unilever’s main positions are that governments should raise national climate ambition, scale up renewable energy and non-fossil chemical feedstocks, and phase out fossil fuels, including fossil fuel subsidies.	E	Future Promise	No	Unsubstantiated
Unilever	58	Furthermore, Unilever works with governments to accelerate enabling conditions, including encouraging the protection and restoration of land, forests and oceans, and putting forward policies that incentivise regenerative agriculture.	E	Vague	No	Vague
Unilever	58	Unilever is an IFRS Foundation Corporate Donor and advocates for the adoption of ISSB sustainability reporting standards as the global baseline for non-financial reporting.	E	Vague	No	Vague
Unilever	58	Unilever also supports the introduction of packaging design rules and recycled content targets that will help increase recycling rates.	E	Future Promise	No	Unsubstantiated
Unilever	58	We also work with governments to identify the enabling conditions to help scale reuse and refill models.	E	Vague	No	Vague
Unilever	58	Unilever strongly advocated for a legally binding UN treaty to end plastic pollution, which would help harmonise regulatory standards and policies across markets through global rules and mandatory targets.	E	Future Promise	No	Unsubstantiated
Unilever	58	Unilever provides input to consultations on regulatory changes, sharing new scientific approaches and how we apply them to safety decision- making.	S	Vague	No	Vague
Unilever	58	We aim to have less complex regulations that promote ‘safe by design’ innovation and the highest standards of human health and environmental protection.	E	Future Promise	No	Unsubstantiated
Unilever	58	Unilever entities are also listed in the lobbying registers of other EU Member States, as set out below.	G	Vague	No	Vague
Unilever	58	Furthermore, we comply with the US Lobbying Disclosure Act (LDA); the LDA website provides a searchable database of disclosure filings.	G	Vague	No	Vague
Unilever	58	Country Name of Register Entity ID number Germany Lobbyregister beim Deutschen Bundestag Unilever Germany R003910 Ireland Register of Lobbying Unilever UK&I 2621 GOVERNANCE DISCLOSURES Sustainability Statement Unilever Annual Report and Accounts 2025 269	G	Vague	No	Vague
Unilever	59	SME identification is based on local government definitions and sourced from third-party databases.	S	Vague	Partial	Weak Evidence
Unilever	59	Our goal is to pay 100% of invoices within the payment terms agreed with our suppliers.	G	Future Promise	Partial	Weak Evidence
