Company	Page	Claim_Text	ESG_Type	Claim_Type	Evidence_Exists	Risk_Signal	Audit_Verdict	Audit_Category	Audit_ESG	Audit_ClaimType	Audit_Notes
Unilever	3	We also consider subcontractors of our Tier 1 suppliers and third parties where we outsource the manufacturing and packaging of products (collaborative manufacturing) in our upstream value chain.	E	Vague	No	Vague	non_claim	methodology_definition	G	NA	value chain reporting scope definition
Unilever	4	The long-term Performance Share Plan (PSP) is linked to financial and sustainability performance, guided by our Sustainability Progress Index (SPI), which accounts for 15% of the total PSP award.	E	Future Promise	Partial	Weak Evidence	non_claim	governance_role	G	NA	15% is remuneration scheme parameter, not performance
Unilever	4	Our sustainability strategy utilises our global value chain and fosters collaboration with stakeholders to achieve our objectives.	E	Vague	No	Vague	non_claim	advocacy_opinion	E	NA	generic strategy self-description, no verifiable conduct
Unilever	4	In addition to our sustainability goals, we are committed to respecting human rights, acting with integrity and prioritising people’s safety.	S	Future Promise	No	Unsubstantiated	claim	genuine_commitment	S	Vague	own commitment, unmeasured
Unilever	7	We require our employees to submit an annual pledge confirming they understand, commit to, and adhere to the COBP.	S	Future Promise	No	Unsubstantiated	claim	genuine_property	G	Vague	pledge is document noun; compliance mechanism
Unilever	7	Employees are required to report any actual or potential breach of the COBP and Code Policies immediately.	S	Vague	No	Vague	claim	genuine_property	G	Vague	breach-reporting requirement, compliance mechanism
Unilever	8	■For water, we incorporated inputs from the World Resources Institute Aqueduct tool, an open-source platform that maps and analyses current and future water risks across various locations.	E	Vague	No	Vague	non_claim	activity_report	E	NA	tool usage as assessment input
Unilever	8	However, 99% of our GHG emissions come from scope 3 emissions within our upstream and downstream value chain.	E	Strong	Yes	Supported	claim	genuine_property	E	Strong	measured fact about own emissions composition
Unilever	8	Carbon pricing Risk (VC) Carbon pricing schemes that capture the external costs of GHG emissions via taxes, emissions trading schemes or other mechanisms could impact the price of raw materials, resulting in increased costs and a potential reduction in profit.	E	Vague	No	Vague	non_claim	risk_condition	E	NA	carbon-pricing scheme risk description
Unilever	8	Product regulations and claims: composition and sourcing transparency Risk (OO) New regulations may restrict how we source raw materials, leading to higher costs.	G	Future Promise	No	Unsubstantiated	non_claim	risk_condition	G	NA	regulatory risk, business-cost outcome
Unilever	8	Increased global regulation also means more scrutiny of sustainability claims, potentially raising costs and harming revenue due to reputational damage.	E	Future Promise	No	Unsubstantiated	non_claim	risk_condition	G	NA	regulatory scrutiny risk, reputational outcome
Unilever	9	Biodiversity and Ecosystems Ecosystem degradation and ecosystem service failures Negative Impact (VC) Unilever relies on agriculture for sourcing raw materials that can have a negative impact on terrestrial and aquatic ecosystems.	E	Vague	No	Vague	non_claim	risk_condition	E	NA	IRO negative-impact statement
Unilever	9	Ecosystem degradation leads to reduction of crop yields in key sourcing locations Risk (VC) Intensive agriculture, deforestation, land conversion and climate change lead to ecosystem degradation and loss of ecosystem services such as soil health, water availability (too much or too little) and pollinating insects.	E	Vague	No	Vague	non_claim	risk_condition	E	NA	world-condition risk description
Unilever	9	This may lead to an increased risk to continuity of supply, farmer livelihoods and hence cost of goods.	S	Vague	No	Vague	non_claim	risk_condition	S	NA	anaphoric risk statement, supply/livelihoods outcome
Unilever	9	Resource Use and Circular Economy Plastic pollution Negative Impact (OO) (VC) The use of plastics in our packaging could cause harm to biodiversity and ecosystems.	E	Vague	No	Vague	non_claim	risk_condition	E	NA	could-cause-harm impact statement
Unilever	9	Extended producer responsibility (EPR) schemes for packaging and other plastic-related taxes ▲ Risk (OO) EPR schemes can help to improve recycling systems by ensuring that money is invested into waste management and packaging innovation and holding businesses to account for the packaging choices they make.	E	Vague	No	Vague	non_claim	risk_condition	E	NA	EPR scheme description, generic benefit
Unilever	9	There is also a risk that bans and/or taxes are applied to certain types of plastic packaging and single-use plastics reducing market access or requiring increased investment in new packaging.	E	Vague	No	Vague	non_claim	risk_condition	E	NA	plastic bans/taxes risk
Unilever	10	■Continuously enhance our environmental management systems and processes to improve performance, setting internal targets and public goals with clear metrics.	E	Future Promise	No	Unsubstantiated	non_claim	policy_content	E	NA	imperative policy bullet
Unilever	10	■Monitor and report transparently on our annual progress against public goals.	G	Future Promise	No	Unsubstantiated	non_claim	policy_content	G	NA	transparent reporting principle bullet
Unilever	10	■Engage employees on environmental issues, goals, plans and metrics.	E	Future Promise	No	Unsubstantiated	non_claim	policy_content	E	NA	
Unilever	10	■Ensure those responsible for this policy and our environmental goals have the necessary skills and competencies to lead and support our agenda.	E	Future Promise	No	Unsubstantiated	non_claim	policy_content	G	NA	internal capability/governance mechanism bullet
Unilever	10	■Collaborate with others to promote environmental care, increase understanding of environmental issues and share best practices.	E	Vague	No	Vague	non_claim	policy_content	E	NA	
Unilever	10	This includes complying with all legal requirements and holding necessary permits for GHG emissions management and reduction.	E	Vague	No	Vague	non_claim	policy_content	G	NA	legal compliance elaboration of policy bullet
Unilever	10	■Water consumption and management: Reduce water usage, especially in areas of high water stress, and manage wastewater discharge (pollution of water) appropriately.	E	Vague	No	Vague	non_claim	policy_content	E	NA	imperative policy bullet
Unilever	10	■Nature protection: Conduct business in a way that protects, preserves and regenerates nature (including biodiversity), and ensures no deforestation or conversion occurs.	E	Vague	No	Vague	non_claim	policy_content	E	NA	
Unilever	10	■Plastic use and waste: Reduce plastic use and waste to help create a transparent and circular economy for plastics.	E	Vague	No	Vague	non_claim	policy_content	E	NA	
Unilever	10	This includes complying with legal requirements with respect to plastic feedstock sourcing, plastics production, storage, transport and end-of-life management.	E	Vague	No	Vague	non_claim	policy_content	G	NA	legal compliance elaboration of policy bullet
Unilever	10	■Waste generation: Reduce waste generation and ensure waste is stored, handled, transported and disposed of in a manner that protects health, safety and the environment.	E	Vague	No	Vague	non_claim	policy_content	E	NA	
Unilever	10	The policy sets out four principles that these suppliers are required to comply with: ■Protecting natural ecosystems from deforestation and conversion: We are committed to ensuring that the in-scope materials entering our supply chain will not originate from deforested land or converted natural ecosystems.	E	Future Promise	No	Unsubstantiated	claim	genuine_commitment	E	Future Promise	mixed: policy intro + own no-deforestation commitment
Unilever	10	■Respecting and promoting human rights: We are committed to respecting and advancing the human rights of all people in line with the UN Guiding Principles on Business and Human Rights.	S	Vague	No	Vague	claim	genuine_commitment	S	Vague	own commitment, unmeasured
Unilever	10	■Transparency and traceability: We are committed to transparency and traceability in sourcing, governance and reporting to enable us to drive continuous improvement.	G	Vague	No	Vague	claim	genuine_commitment	G	Vague	own commitment, unmeasured
Unilever	10	■Being a force for good for people and planet: We are committed to working through partnerships to protect natural ecosystems within our supply chain, encouraging legal recognition of customary rights, implementing regenerative agricultural land use practices, and finding ways to restore damaged landscapes.	E	Future Promise	No	Unsubstantiated	claim	genuine_commitment	E	Vague	own commitment via partnerships, unmeasured
Unilever	10	Unilever Sustainable Agricultural Principles (SAPs) are a collection of good practices designed to codify important aspects of sustainability in farming, plantation and supply chain management, with the goal to positively transform agricultural practices for people, nature and climate.	E	Future Promise	No	Unsubstantiated	non_claim	policy_content	E	NA	SAP document description, no outcome
Unilever	10	■Contribute to an agricultural supply chain that maintains and regenerates soil health, supports appropriate land use, conserves and regenerates natural resources (including water resources), reduces waste and pollution, and avoids the introduction of invasive species.	E	Vague	No	Vague	non_claim	policy_content	E	NA	SAP principle bullet
Unilever	10	■Encourage agricultural practices that minimise greenhouse gases, improve energy efficiency and accelerate decarbonisation across the agricultural supply chain, while building climate resilience and adaptation.	E	Vague	No	Vague	non_claim	policy_content	E	NA	SAP principle bullet
Unilever	10	■Promote an agricultural supply chain with suppliers and farmers who are committed to continuous improvement to advance sustainable agricultural practices within the sector.	E	Vague	No	Vague	non_claim	policy_content	E	NA	imperative policy bullet
Unilever	10	The standards are implemented by our suppliers and farmers and enable us to source agricultural materials sustainably on an ongoing basis.	E	Vague	No	Vague	claim	genuine_property	E	Vague	standards implemented, sourcing outcome unmeasured
Unilever	11	Within this framework, progress against our climate goal in 2025 is measured on the reduction of our scope 1 and 2 greenhouse gas (GHG) emissions.	E	Future Promise	No	Unsubstantiated	non_claim	methodology_definition	E	NA	how progress is measured
Unilever	11	Climate Transition Action Plan Our second Climate Transition Action Plan (CTAP) was approved by shareholders in 2024.	G	Future Promise	No	Unsubstantiated	non_claim	activity_report	G	NA	plan approval event, no outcome
Unilever	11	It outlines our 2030 climate targets and the mitigation, adaptation and advocacy actions we will take to achieve them.	E	Future Promise	No	Unsubstantiated	claim	genuine_commitment	E	Future Promise	self-contained despite It opener; 2030 targets asserted
Unilever	11	The CTAP sets out our long-term ambition to achieve net zero GHG emissions by 2039.	E	Future Promise	No	Unsubstantiated	claim	genuine_commitment	E	Future Promise	net zero by 2039
Unilever	11	The CTAP has not been revised in 2025 as a result of the demerger of our Ice Cream business; impacts on our decarbonisation levers and actions will be reviewed in 2026.	E	Future Promise	No	Unsubstantiated	non_claim	methodology_definition	E	NA	plan revision status, not performance
Unilever	11	Climate targets We have set near-term climate targets to reduce absolute GHG emissions from our operations (scope 1 and 2) and our value chain (scope 3).	E	Future Promise	No	Unsubstantiated	claim	genuine_commitment	E	Future Promise	targets set to reduce scope 1-3 emissions
Unilever	11	Our scope 1 and 2 target was set versus a 2015 baseline using the market- based approach.	E	Future Promise	No	Unsubstantiated	non_claim	methodology_definition	E	NA	baseline explanation
Unilever	11	In 2024, SBTi validated that our proposed scope 3 targets conform with the SBTi Criteria and Recommendations for Near- Term Targets version 5.1.	E	Future Promise	Partial	Weak Evidence	claim	genuine_result	E	Strong	achieved third-party SBTi validation
Unilever	11	We selected a 2021 baseline date for our scope 3 targets, for which we have more accurate data.	E	Future Promise	No	Unsubstantiated	non_claim	methodology_definition	E	NA	baseline choice rationale
Unilever	11	Introducing more solar thermal technology, electrifying thermal processes and transitioning to sustainably sourced biofuels.	E	Vague	No	Vague	non_claim	table_fragment	E	NA	gerund lever detail, no finite verb
Unilever	11	Renewable power Increasing on-site and enabling off-site renewable energy generation Increasing on-site renewable electricity generation and enabling off-site generation through large-scale physical and virtual power purchase agreements (PPAs).	E	Vague	No	Vague	non_claim	table_fragment	E	NA	shredded lever table row
Unilever	11	Refrigeration(a) Reducing emissions from refrigeration Phasing-out high-impact systems and training teams to identify, report and prevent leaks from existing systems.	E	Vague	No	Vague	non_claim	table_fragment	E	NA	shredded lever table row
Unilever	11	Scope 3 (value chain) Supplier Climate Programme Scaling the programme Building supplier capability through best-practice sharing, innovative partnerships and access to technical assistance and financing.	E	Vague	No	Vague	non_claim	table_fragment	E	NA	shredded lever table row
Unilever	11	Embedding climate goals into procurement strategies to drive supplier-level climate actions at scale, and engage on industry initiatives that advance standardised, transparent approaches to scope 3 decarbonisation.	E	Future Promise	No	Unsubstantiated	non_claim	table_fragment	E	NA	gerund table cell, no subject
Unilever	11	Reformulating products Using innovative ingredients Developing lower GHG products including the use of low GHG ingredients and packaging, and reducing palm oil usage in soap bars.	E	Vague	No	Vague	non_claim	table_fragment	E	NA	shredded lever table row
Unilever	11	Forest-risk commodities Investing in our value chain Building supply chain infrastructure to meet deforestation-free requirements, enrolling more suppliers and smallholder farmers in our direct sourcing programmes and smallholder development hubs, and driving improvements in the processing of forest-risk commodities.	E	Vague	No	Vague	non_claim	table_fragment	E	NA	shredded lever table row
Unilever	11	Chemical ingredients Reducing GHG intensity Reducing the GHG intensity of soda ash and linear alkylbenzene sulfonate (LAS) production through increased use of renewable energy sources and alternative feedstocks.	E	Vague	No	Vague	non_claim	table_fragment	E	NA	shredded lever table row
Unilever	12	Decarbonisation lever Key action Details Packaging Reducing material use Designing new product packaging formats, transitioning to recycled and renewable feedstocks, and designing packaging for recycling.	E	Vague	No	Vague	non_claim	table_fragment	E	NA	includes table header text
Unilever	12	Ice cream cabinets(a) Increasing energy efficiency Renewing cabinet fleet with more energy-efficient models and transitioning to renewable energy.	E	Vague	No	Vague	non_claim	table_fragment	E	NA	shredded lever table row
Unilever	12	Examples include programmes to end deforestation and scale up regenerative agriculture, which can help communities adapt to climate change and increase the resilience of our supply chains through healthier soils, which are better able to cope with more extreme weather patterns.	E	Vague	No	Vague	non_claim	activity_report	E	NA	examples include programmes, generic benefit
Unilever	12	■Developing supplier strategies for alternative, sustainably sourced materials to build supply chain resilience.	E	Vague	No	Vague	non_claim	risk_condition	E	NA	outcome is business resilience
Unilever	12	■Leveraging climate-driven consumer demands, such as fabric cleaning products that work at lower temperatures.	E	Vague	No	Vague	non_claim	risk_condition	E	NA	business opportunity, not ESG outcome
Unilever	12	Climate advocacy actions To maximise the impact of Unilever’s actions and to create a level playing field, we advocate for policies that drive the global transition to net zero.	E	Future Promise	No	Unsubstantiated	non_claim	advocacy_opinion	E	NA	advocacy activity, no company outcome
Unilever	12	Our cross-cutting advocacy plans aim to: ■Raise the ambition of national climate strategies and plans in key markets to align with a 1.5°C pathway.	E	Future Promise	No	Unsubstantiated	non_claim	advocacy_opinion	E	NA	advocacy aim about national policy
Unilever	12	■Ensure carbon is priced at levels necessary for the delivery of the Paris Agreement goals.	E	Future Promise	No	Unsubstantiated	non_claim	advocacy_opinion	E	NA	advocacy aim bullet
Unilever	12	■Scale up renewable energy capacity and secure the rapid phase-out of fossil fuels, including fossil fuel subsidies.	E	Vague	No	Vague	non_claim	advocacy_opinion	E	NA	advocacy aim bullet
Unilever	12	■Support forest protection and nature restoration.	E	Vague	No	Vague	non_claim	advocacy_opinion	E	NA	advocacy aim bullet
Unilever	12	■Encourage evolution of GHG Protocol standards to incentivise faster emissions reduction actions in value chains.	E	Vague	Partial	Weak Evidence	non_claim	advocacy_opinion	E	NA	advocacy aim bullet
Unilever	13	Unilever’s response to climate change has long been embedded into our way of doing business, and our actions to reduce our impacts on nature are also integral to reducing our agriculture and land-based emissions.	E	Vague	No	Vague	claim	genuine_property	E	Vague	unmeasured embedded-in-business assertion
Unilever	13	The selected nature scenarios align with the climate scenarios based on their temperature goals and policy ambitions.	E	Future Promise	No	Unsubstantiated	non_claim	methodology_definition	E	NA	scenario selection method
Unilever	13	This is achieved through globally coordinated climate policies and technological innovation.	E	Vague	No	Vague	non_claim	anaphoric_fragment	E	NA	scenario narrative, referent missing
Unilever	13	Net zero CO2e achieved by approximately 2070.	E	Future Promise	No	Unsubstantiated	non_claim	risk_condition	E	NA	scenario description, not company target
Unilever	13	Net zero is not reached by 2100, although CO2e levels decline from approximately 2040.	E	Future Promise	No	Unsubstantiated	non_claim	risk_condition	E	NA	scenario description
Unilever	13	It assumes strong COP15-aligned policies and coordinated global climate efforts limiting warming to well below 2°C, reducing biodiversity loss and ecosystem degradation.	E	Vague	No	Vague	non_claim	risk_condition	E	NA	scenario assumption description
Unilever	13	Delayed Nature Action Utilising FAO ‘Stratified Societies’ data, this scenario assumes acute disruptions to ecosystem services, such as water scarcity, pollination collapse or soil degradation, which results in impacts to operations, supply chains and resource availability.	E	Vague	No	Vague	non_claim	risk_condition	E	NA	scenario assumption description
Unilever	13	It assumes fragmented global efforts and insufficient climate policies drive temperatures above 2°C by 2050, worsening biodiversity loss and environmental decline, and escalating risks for businesses and communities.	E	Future Promise	No	Unsubstantiated	non_claim	risk_condition	E	NA	scenario assumption description
Unilever	13	Aligns with global society’s aim to achieve climate neutrality by 2050 and coincides with long-term systemic economic shifts, worsening physical climate risks, and deep decarbonisation trajectories that could transform our business environment.	E	Future Promise	No	Unsubstantiated	non_claim	risk_condition	E	NA	scenario description, subject missing
Unilever	14	Gross Gross: Direct carbon pricing includes manufacturing, operational and distribution costs; indirect carbon pricing includes costs for raw material suppliers due to higher costs for energy sources such as electricity and fossil fuel.	E	Vague	No	Vague	non_claim	methodology_definition	E	NA	carbon pricing calculation definition
Unilever	14	Emissions assumed to decrease with Unilever forecasts; coverage assumptions based on relevant carbon pricing mechanisms; given complex supply chains, scope 3 emissions apportioned to relative jurisdictions based on scope 1 and 2 emissions proportions.	E	Vague	No	Vague	non_claim	methodology_definition	E	NA	modelling assumptions, not performance
Unilever	14	Net: Emissions assumed to decrease in line with emissions reduction targets for scope 1 and 2.	E	Future Promise	No	Unsubstantiated	non_claim	methodology_definition	E	NA	modelling assumption, not commitment
Unilever	15	Environmental pressures therefore pose significant risks to supply chain stability and productivity, potentially affecting crop yields, raw material availability and long-term sourcing strategies.	E	Vague	No	Vague	non_claim	risk_condition	E	NA	supply chain risk description
Unilever	15	Our assessment demonstrates that as global temperatures increase and nature continues to degrade, financial risk increases.	E	Vague	No	Vague	non_claim	risk_condition	E	NA	assessment finding on business financial risk
Unilever	15	For key ingredients like palm, subject to regulations such as EU Deforestation Regulation (EUDR), we are building supply chain infrastructure to meet deforestation-free requirements and enrolling more suppliers and smallholder farmers in our direct sourcing programmes and smallholder development hubs.	E	Vague	No	Vague	claim	genuine_property	E	Vague	compliance framing but environmental sourcing conduct
Unilever	15	We are also scaling up regenerative agriculture and collaborating across shared supply chains to amplify impact.	S	Vague	No	Vague	claim	genuine_property	E	Vague	ongoing action, unmeasured
Unilever	15	This is compounded by possible global responses – regulatory shifts, changing consumer expectations and investor scrutiny – demanding greater transparency and action.	G	Future Promise	No	Unsubstantiated	non_claim	risk_condition	E	NA	external pressures, anaphoric opener
Unilever	15	Plastic-related regulatory risk As a global consumer goods company, we recognise that our reliance on plastic materials, particularly in packaging, exposes us to increasing regulatory risk.	E	Vague	No	Vague	non_claim	risk_condition	E	NA	regulatory risk exposure
Unilever	15	Governments worldwide are intensifying efforts to reduce plastic pollution, with a growing number implementing extended producer responsibility (EPR) schemes, plastic usage taxes and stricter compliance frameworks.	E	Vague	No	Vague	non_claim	risk_condition	E	NA	world condition, not company conduct
Unilever	15	Our plastics footprint also increases exposure in some jurisdictions, notably the EU.	E	Vague	No	Vague	non_claim	risk_condition	E	NA	business exposure statement
Unilever	15	In preparing our 2025 Unilever consolidated financial statements, we have considered the impact of both physical and transition climate change risks, and any planned mitigations, on the current valuation of our assets and liabilities.	E	Future Promise	No	Unsubstantiated	non_claim	methodology_definition	E	NA	financial reporting process, not performance
Unilever	15	Although significant uncertainties remain about the extent, timing and geographic location of both physical and transition climate risks to our business.	E	Vague	No	Vague	non_claim	risk_condition	E	NA	uncertainty fragment
Unilever	15	These insights are an important input into our medium- and long-term strategic planning and in 2026, will be reviewed as we shape our sustainability ambitions beyond 2030.	E	Future Promise	No	Unsubstantiated	non_claim	anaphoric_fragment	E	NA	planning process, needs antecedent
Unilever	15	Rising temperatures and extreme weather, including drought and water scarcity, increase adaptation and mitigation costs and may reduce demand for our products, especially household water-dependent products and in more climate-affected regions.	E	Vague	No	Vague	non_claim	risk_condition	E	NA	climate risk to demand
Unilever	15	Scaling up regenerative agriculture: Resilience is at the heart of our regenerative agriculture programmes, where we work to protect and regenerate the natural and agricultural ecosystems in our value chain and support the people whose livelihoods depend on them.	S	Vague	No	Vague	claim	genuine_property	E	Vague	mixed: resilience framing + ecosystem aim
Unilever	15	Practices include water-saving techniques like precision irrigation and use of organic fertilisers to improve soil health.	E	Vague	No	Vague	non_claim	activity_report	E	NA	practice examples, no outcome
Unilever	15	Sourcing our commodities responsibly: We remain focused on maintaining deforestation-free sourcing across our primary deforestation-linked commodities and continuing to implement our sustainable sourcing programmes.	E	Vague	No	Vague	claim	genuine_commitment	E	Vague	implies maintained deforestation-free status
Unilever	15	These initiatives help suppliers adopt resilience practices and also increase the transparency of our sourcing decisions.	G	Vague	No	Vague	non_claim	advocacy_opinion	G	NA	generic benefit, business resilience
Unilever	15	Direct sourcing of palm feedstocks brings better transparency and traceability, and places less reliance on intermediaries.	G	Vague	No	Vague	non_claim	advocacy_opinion	G	NA	generic benefit of direct sourcing
Unilever	15	Interventions within our factories focus on reducing water usage, promoting reuse and encouraging recycling.	E	Vague	No	Vague	claim	genuine_property	E	Vague	operational conduct, unmeasured
Unilever	15	Within river basins where our factories are located, we work to reduce supplier water usage, improve community access to water, or replenish resources through landscape projects such as reforestation.	E	Vague	No	Vague	claim	genuine_property	E	Vague	we work to, unmeasured
Unilever	15	To reduce the impact of these risks, we are: Reducing our GHG emissions: We are taking action to reduce our most material GHG emissions, as set out in our CTAP, and mitigate the potential financial impact of carbon prices.	E	Vague	No	Vague	claim	genuine_property	E	Vague	mixed: emissions action + financial mitigation
Unilever	15	Our actions include supplier engagement to reduce emissions from our raw materials and ingredients, as well as product redesign strategies towards lower GHG ingredients or formulations.	E	Vague	No	Vague	non_claim	activity_report	E	NA	actions-include enumeration, no outcome
Unilever	15	We continue to advocate externally to ensure carbon is priced at levels necessary to achieve the Paris Agreement goals.	E	Future Promise	Partial	Weak Evidence	non_claim	activity_report	E	NA	advocacy activity, not own performance
Unilever	15	This will be key to meeting our 2030 targets and net zero ambition.	E	Future Promise	No	Unsubstantiated	non_claim	anaphoric_fragment	E	NA	This unresolved, importance assertion
Unilever	15	Our wider climate advocacy is both critical to supporting the achievement of our climate targets and to driving systemic global initiatives to reduce the likelihood of the more extreme scenarios and their impacts.	E	Future Promise	No	Unsubstantiated	non_claim	advocacy_opinion	E	NA	is critical, opinion
Unilever	16	Scope 1 and 2 (our operations) Efforts to reduce emissions from our operations continue to focus on driving energy efficiency measures, sourcing renewable electricity and decarbonising our thermal energy consumption.	E	Vague	No	Vague	claim	genuine_property	E	Vague	ongoing efforts, unmeasured
Unilever	16	We scaled up the electrification of thermal energy by installing industrial-scale heat pumps at sites in the Philippines and India, and we increased our use of electric boilers with an installation at our Cavite site in the Philippines.	E	Vague	No	Vague	claim	genuine_result	E	Strong	achieved installations, comparative scale-up
Unilever	16	We also made progress in our transition to renewable fuels.	E	Vague	No	Vague	claim	genuine_result	E	Vague	made progress, unmeasured
Unilever	16	Expanding the Unilever Oleochemicals Indonesia (UOI) refinery is a key part of our growth strategy, however we need to ensure this growth does not impact delivery of our scope 1 and 2 climate target.	E	Future Promise	No	Unsubstantiated	non_claim	risk_condition	E	NA	strategy tension, not commitment
Unilever	16	Together, we currently source biomethane from two mills (2024: 2) in our sustainable palm oil development programme and aim to scale to additional mills in coming years.	E	Future Promise	No	Unsubstantiated	claim	genuine_property	E	Strong	mixed: measured current sourcing (2 mills) + scale-up aim
Unilever	16	Having seen early success through sourcing biomethane produced from palm oil mill effluent (POME) in Indonesia, we are advocating for wider expansion of biomethane production in Indonesia.	E	Vague	No	Vague	non_claim	activity_report	E	NA	advocacy activity, no own-conduct outcome
Unilever	16	Supplier Climate Programme Over 60% of our GHG emissions in scope of our net zero ambition come from raw materials, ingredients and packaging, so accelerating the decarbonisation of key suppliers remains a priority.	E	Future Promise	Partial	Weak Evidence	non_claim	advocacy_opinion	E	NA	footprint composition context plus priority statement
Unilever	16	This data helps us and our suppliers identify, plan and deliver measurable emissions reductions.	E	Future Promise	No	Unsubstantiated	non_claim	advocacy_opinion	E	NA	generic benefit of unspecified data; anaphoric
Unilever	16	An example of supplier level climate action is our work with key aluminium can suppliers to reduce aerosol packaging emissions by sourcing aluminium produced with low-carbon energy.	E	Vague	No	Vague	non_claim	activity_report	E	NA	example of ongoing work, no stated outcome
Unilever	16	Building on this progress, we intend to engage with a larger subset of SCP suppliers to develop targeted action plans and drive supplier level climate action in the future.	E	Future Promise	No	Unsubstantiated	claim	genuine_commitment	E	Future Promise	intent to engage suppliers, unmeasured
Unilever	16	In India, HSBC provides lower cost sustainability linked financing to select suppliers, which Unilever supports by helping suppliers meet the requirements of the SCP.	E	Vague	No	Vague	non_claim	activity_report	E	NA	third-party financing; support activity, no outcome
Unilever	16	Upskilling our procurement teams was prioritised to improve the quality of climate engagement with their suppliers, delivering training in Brazil, India and Poland.	S	Vague	No	Vague	non_claim	activity_report	E	NA	training delivered, no measured outcome; climate aim
Unilever	16	Reformulating products Reformulating our products remains an important opportunity for emissions reduction.	E	Vague	No	Vague	non_claim	advocacy_opinion	E	NA	importance-of-opportunity statement
Unilever	16	Our Business Groups continue driving innovation, aiming to deliver superior products at great value while reducing environmental impact.	E	Future Promise	No	Unsubstantiated	claim	genuine_commitment	E	Vague	puffery-level aim, unmeasured
Unilever	16	In addition, we rolled out RhamnoClean technology – a 100% natural, biodegradable and renewable biosurfactant – into our core hand dishwash products in Indonesia.	E	Strong	Yes	Supported	claim	genuine_result	E	Strong	achieved rollout with verifiable product properties
Unilever	16	Forest-risk commodities GHG emissions from the sourcing of our five primary deforestation-linked commodities (palm oil, paper and board, tea, soy and cocoa) arise predominantly from land use change, agricultural practices and downstream processing.	E	Vague	No	Vague	non_claim	risk_condition	E	NA	emission-source composition, not performance
Unilever	16	In 2025, we exceeded 95% purchase volumes of these commodities as deforestation-free, based on our requirements.	E	Strong	Yes	Supported	claim	genuine_result	E	Strong	self-contained despite anaphoric opener; measured 95%
Unilever	16	To address this, we have increased our direct sourcing of palm feedstocks, improving traceability and helping us maintain no deforestation.	E	Vague	No	Vague	claim	genuine_result	E	Vague	unquantified increase, vague benefits
Unilever	16	Our deforestation-free landscape strategy aims to empower smallholders within our supply chain.	E	Future Promise	No	Unsubstantiated	claim	genuine_commitment	S	Vague	strategy aim to empower smallholders, unmeasured
Unilever	16	We continued to increase the number of smallholders across Indonesia trained in sustainable agricultural practices, with around 29,500 trained since January 2024.	E	Vague	No	Vague	claim	genuine_result	E	Strong	29,500 trained; sustainable-agriculture outcome
Unilever	16	Achieving our reduction targets requires decreasing the GHG intensity associated with both LAS and soda ash production.	E	Future Promise	No	Unsubstantiated	non_claim	risk_condition	E	NA	dependency statement, no conduct asserted
Unilever	16	In 2025, collaboration continued with a strategic partner to reduce the GHG intensity of their LAS production.	E	Vague	No	Vague	non_claim	activity_report	E	NA	collaboration continued, no stated outcome
Unilever	16	We also continued to secure volumes of lower-GHG soda ash from two key suppliers.	E	Vague	No	Vague	claim	genuine_property	E	Vague	lower-GHG sourcing asserted, volumes unquantified
Unilever	16	This includes soda ash produced using biomass fuel sources and natural soda ash manufactured through less energy-intensive processes that avoid additional CO₂ during processing.	E	Vague	No	Vague	non_claim	anaphoric_fragment	E	NA	elaborates prior sentence, no standalone conduct claim
Unilever	16	While there has been some industry movement towards lower-emission chemicals, progress remains slow.	E	Vague	No	Vague	non_claim	risk_condition	E	NA	industry-wide condition, not own conduct
Unilever	17	In 2025, we reduced our use of virgin plastics for the packaging of our products by 29% versus a 2019 baseline.	E	Strong	Yes	Supported	claim	genuine_result	E	Strong	
Unilever	17	We also reported 57% of our plastic packaging to be reusable, recyclable or compostable.	E	Strong	Yes	Supported	claim	genuine_property	E	Strong	measured packaging property (57%)
Unilever	17	We will also continue to reduce virgin plastic use.	E	Future Promise	No	Unsubstantiated	claim	genuine_commitment	E	Future Promise	forward-looking, no target number
Unilever	17	In 2025, we saw an 8% increase in our scope 3 upstream transport and distribution (logistics) emissions compared to the prior year.	E	Strong	Yes	Supported	claim	genuine_result	E	Strong	measured own performance, though unfavourable
Unilever	17	This was due to the adoption of the latest Global Logistics Emissions Council (GLEC) framework which resulted in an increase in emission factors.	E	Vague	No	Vague	non_claim	methodology_definition	E	NA	framework change explains emission-factor increase
Unilever	17	Similarly, the use of hydrotreated vegetable oil (HVO) continued to increase in Europe, supporting our transition toward lower-carbon transport solutions.	E	Vague	No	Vague	claim	genuine_result	E	Vague	directional increase, unquantified
Unilever	17	In North America, we continued to transition from diesel to renewable natural gas (RNG) on specific lanes, further strengthening our journey toward carbon reduction.	E	Vague	No	Vague	claim	genuine_result	E	Vague	unquantified fuel-transition activity
Unilever	17	The impact of the demerger on Unilever’s Climate Transition Action Plan and climate targets will be reassessed in 2026.	E	Future Promise	No	Unsubstantiated	non_claim	methodology_definition	E	NA	target reassessment process, not a commitment
Unilever	17	We invested in the continuous development of sustainable supply chains.	E	Vague	No	Vague	claim	genuine_result	E	Vague	unmeasured investment assertion
Unilever	17	In addition, we acquired a 14% stake in Lucro Plastecycle Private Limited (Lucro), a leading player in recycled flexible plastics in India, to scale up recycled flexible plastic content in packaging.	E	Strong	Yes	Supported	claim	genuine_result	E	Strong	achieved 14% stake acquisition
Unilever	17	As part of our goal to protect and restore 1 million hectares by 2030, this partnership will increase the adaptive capacity and resilience of coastal communities through integrated management and restoration that positively impacts the area, ecosystem health and sustainable use of mangroves.	E	Future Promise	Partial	Weak Evidence	claim	genuine_commitment	E	Future Promise	1m hectares by 2030 target
Unilever	17	Additionally, we were part of a business coalition calling for Australia to reduce GHG emissions by 75% by 2035 and featured in The Energy and Resources Institute (TERI) and We Mean Business Coalition’s (WMBC) report on India’s 2035 climate target, highlighting corporate leadership.	E	Future Promise	Partial	Weak Evidence	non_claim	activity_report	E	NA	coalition membership and advocacy, not own performance
Unilever	17	■Renewable energy capacity and fossil fuel phase-out: Unilever signed a joint statement coordinated by the RE100, published during the IEA/UK Energy Security Summit, urging ministers and business leaders to prioritise renewables and energy efficiency as pillars of long-term energy security.	E	Vague	No	Vague	non_claim	activity_report	E	NA	signed joint statement; advocacy activity
Unilever	17	Our Bold Plans, Real Impact report underscores renewables as central to achieving resilient energy systems, as well as the phase-out of fossil fuels and their subsidies.	E	Future Promise	No	Unsubstantiated	non_claim	advocacy_opinion	E	NA	report opinion on renewables importance
Unilever	17	During COP30, we supported the WMBC’s statement urging governments to commit to a roadmap on the transition away from fossil fuels.	E	Vague	No	Vague	non_claim	activity_report	E	NA	supported advocacy statement, no own-conduct outcome
Unilever	17	We also joined a group of companies committed to trialling Spheres of Influence, a new framework designed by Oxford Net Zero and Futerra to capture corporate action on climate that goes beyond traditional emissions accounting.	E	Future Promise	No	Unsubstantiated	non_claim	activity_report	E	NA	joined group trialling framework, no outcome
Unilever	17	■Chemical ingredients: Unilever hosted a policy discussion in Brussels to examine measures advancing the transition to sustainable chemicals in Europe.	E	Vague	No	Vague	non_claim	activity_report	E	NA	hosted policy discussion, event only
Unilever	17	We continued to engage with the Indian government, chairing the Material Transition Working Group of the Resource Efficiency and Circular Economy Industry Coalition (RECEIC).	E	Vague	No	Vague	non_claim	activity_report	E	NA	engagement and membership, no stated outcome
Unilever	18	Inventories aligned to the scope of our net zero ambition and 2030 climate targets are subsets of the total inventory.	E	Future Promise	No	Unsubstantiated	non_claim	methodology_definition	E	NA	inventory scope explanation
Unilever	18	As part of our critical assumptions for setting our GHG emission reduction targets, our 2030 modelled outcomes include our 2030 growth trajectories and reflect the expected technology advances, product formulation changes and portfolio shifts in the period.	E	Future Promise	No	Unsubstantiated	non_claim	methodology_definition	E	NA	target-setting assumptions, not performance
Unilever	18	This will be assessed for scope 1, 2 and 3 in 2026 following the demerger.	E	Future Promise	No	Unsubstantiated	non_claim	anaphoric_fragment	E	NA	referent of This unknown standalone
Unilever	18	To meet our targets, our actions must deliver the planned reduction in our baseline emissions as well as a 100% reduction in additional emissions from product volume growth between the baseline year and 2030.	E	Future Promise	Partial	Weak Evidence	non_claim	methodology_definition	E	NA	target-arithmetic explanation, not a commitment
Unilever	18	We have plans in place to cover 100% of our emissions in scope of our scope 1 and 2 target through three priority decarbonisation levers: thermal and electrical energy, renewable power and refrigeration.	E	Future Promise	Partial	Weak Evidence	claim	genuine_commitment	E	Future Promise	plan coverage asserted, reductions still future
Unilever	18	Our current actions only partially address the total emissions in scope of our scope 3 target.	E	Future Promise	No	Unsubstantiated	claim	genuine_property	E	Vague	negative self-assessment of gap, unmeasured
Unilever	18	Of the identified plans, we expect the most material reductions to come from scope 3 E&I and FLAG emissions related to raw materials and ingredients.	E	Future Promise	No	Unsubstantiated	claim	genuine_commitment	E	Future Promise	expectation about reduction sources, not firm target
Unilever	18	(b) The scaling and innovation gap represents the amount of GHG emissions for which we need to develop new or scale existing solutions.	E	Vague	No	Vague	non_claim	methodology_definition	E	NA	footnote term definition
Unilever	18	The demerger of our Ice Cream business has had a marginal impact on our scope 1 and 2 target, with performance slightly lagging that of the rest of Unilever.	E	Future Promise	No	Unsubstantiated	claim	genuine_result	E	Vague	qualitative demerger impact, unmeasured
Unilever	19	Allocation is not performed for categories that represent <5% of total emissions, except for Category 13: Downstream leased assets where emissions are allocated in full since they relate to ice cream cabinets.	E	Strong	Yes	Supported	non_claim	methodology_definition	E	NA	allocation rule; 5% is parameter, not performance
Unilever	19	Scope 3 E&I: The reduction in E&I emissions since 2021 has been driven by a combination of purchased material volume decline, availability of supplier- specific PCFs and improvements in GHG measurement.	E	Vague	No	Vague	claim	genuine_result	E	Strong	reduction since 2021; drivers include measurement changes
Unilever	19	We expect progress against our E&I target to be challenging given the significant contribution from the petrochemicals sector and end-of-life emissions from surfactants.	E	Future Promise	No	Unsubstantiated	non_claim	risk_condition	E	NA	expected difficulty, not commitment
Unilever	19	Scope 3 FLAG: The good progress we have made in reducing our FLAG emissions since 2021 has been driven by several factors, including improved data relating to the GHG impact of our deforestation-free sourcing programme for palm oil and the availability of supplier-specific PCFs.	E	Vague	No	Vague	claim	genuine_result	E	Strong	progress since 2021; partly improved data
Unilever	19	While separate product-level modelling provides an indication of the potential GHG impact of reformulation initiatives, isolating these effects in our annual GHG results is an area we aim to progress in future years.	E	Future Promise	No	Unsubstantiated	non_claim	methodology_definition	E	NA	measurement-isolation limitation, reporting aim
Unilever	20	Ingredients and packaging purchased by Unilever include emissions generated from production and transportation from ’cradle to gate’ (farming/ mining of raw materials to delivery at Unilever).	E	Vague	No	Vague	non_claim	methodology_definition	E	NA	cradle-to-gate scope definition
Unilever	20	Emission factors for ingredients and packaging purchased by Unilever are obtained from two external sources: 1.	E	Vague	No	Vague	non_claim	methodology_definition	E	NA	emission-factor sourcing; truncated
Unilever	20	Emission category 10 (Processing of sold products) and Emission category 15 (Investments) are not reported as they are not material.	E	Vague	No	Vague	non_claim	methodology_definition	E	NA	materiality-based reporting exclusion
Unilever	21	Allocation is not performed for categories that represent < 5% of total emissions, except for Category 13: Downstream leased assets where emissions are allocated in full since they relate to ice cream cabinets.	E	Strong	Yes	Supported	non_claim	methodology_definition	E	NA	duplicate allocation rule; parameter number
Unilever	21	While we continue to deliver underlying reductions in direct emissions through these interventions, our scope 1 emissions have increased due to the reclassification of some on-site, third-party-produced utilities from scope 2 to scope 1.	E	Vague	Partial	Weak Evidence	claim	genuine_result	E	Vague	mixed: unmeasured reductions plus reclassification-driven increase
Unilever	21	Scope 2 emissions have further decreased as we are now sourcing EACs for smaller offices and warehouses.	E	Vague	No	Vague	claim	genuine_result	E	Strong	achieved decrease via EAC procurement
Unilever	21	Our overall scope 3 emissions have reduced by 5% versus the previous year (including Ice Cream).	E	Strong	Yes	Supported	claim	genuine_result	E	Strong	5% year-on-year scope 3 reduction
Unilever	21	The decrease in purchased goods and services emissions is due to factors including a reduction in purchased material volumes and availability of supplier-specific PCFs.	E	Vague	No	Vague	claim	genuine_result	E	Strong	achieved decrease; attribution includes data availability
Unilever	21	Scope 3 emissions have increased for upstream transportation and distribution (logistics), primarily due to the update of in-year emission factors.	E	Vague	No	Vague	claim	genuine_result	E	Strong	adverse increase, driven by emission-factor update
Unilever	22	Energy consumption and mix Energy sourced from within the organisational boundary is not counted under ’purchased or acquired’ energy.	E	Vague	No	Vague	non_claim	methodology_definition	E	NA	energy accounting definition, header prefixed
Unilever	22	EACs are market-based instruments that authenticate the proportion of energy generated from renewable sources procured by consumers, including Renewable Energy Certificates (RECs), International Renewable Energy Certificates (IRECs), and European Guarantees of Origin (GOs).	E	Vague	No	Vague	non_claim	methodology_definition	E	NA	EAC instrument definition
Unilever	22	A small number of manufacturing sites generate electricity, heat and steam, which is classified as renewable energy if it is from a renewable source.	E	Vague	No	Vague	non_claim	methodology_definition	E	NA	renewable classification rule, no performance
Unilever	23	gas-fired on-site CHP) 10% 8% Purchased non-renewable electricity (e.g.	E	Strong	Yes	Supported	non_claim	table_fragment	E	NA	shredded table row
Unilever	23	GHG removals, and GHG mitigation projects financed through carbon credits Unilever will not purchase carbon credits to meet our near-term targets.	E	Future Promise	No	Unsubstantiated	claim	genuine_commitment	E	Future Promise	no-offsets commitment; header text prefixed
Unilever	23	When any of our brands do purchase carbon credits, this is considered ’beyond value chain mitigation’ and does not contribute to the achievement of Unilever’s near-term GHG reduction targets.	E	Future Promise	No	Unsubstantiated	non_claim	methodology_definition	E	NA	carbon-credit accounting classification rule
Unilever	23	In 2025, one of our Wellbeing brands made consumer-facing claims with reference to scope 1 and 2 carbon neutrality through purchase of carbon credits, and one of our Prestige brands also purchased carbon credits.	E	Future Promise	No	Unsubstantiated	non_claim	activity_report	E	NA	reports brand credit purchases, no outcome asserted
Unilever	23	In addition, while the focus of our CTAP is on emissions reductions within our value chain, we will seek to balance any unabated emissions within the scope of our net zero 2039 ambition with the same volume of purchased carbon removals from 2039.	E	Future Promise	No	Unsubstantiated	claim	genuine_commitment	E	Future Promise	balance unabated emissions with removals from 2039
Unilever	24	These practices reduce and prevent pollutant emissions and releases to air, land and water.	E	Vague	No	Vague	non_claim	anaphoric_fragment	E	NA	undefined referent, generic benefit
Unilever	24	Actions Within our own operations, Unilever drives continual improvement in relation to pollution through the ECFWS.	E	Vague	No	Vague	claim	genuine_property	E	Vague	asserted improvement via programme, unmeasured
Unilever	24	UMS training and guidance provide a framework for measurement and reporting that supports the identification and reduction of harmful materials.	S	Vague	No	Vague	non_claim	activity_report	E	NA	framework supports reduction, no outcome
Unilever	24	Sites periodically develop action plans to improve environmental performance, including pollution control.	E	Future Promise	No	Unsubstantiated	non_claim	activity_report	E	NA	plans exist, no stated outcome
Unilever	24	In 2025, we launched a new global wastewater standard that defines limits for direct discharge of total organic carbon (COD) to the environment.	E	Vague	No	Vague	claim	genuine_property	E	Vague	achieved standard launch, no measured outcome
Unilever	24	We also require suppliers to have management plans for irrigation, pesticide and fertiliser use to avoid contamination and prevent damage to soils, ecosystems and waterways.	E	Future Promise	No	Unsubstantiated	claim	genuine_property	E	Vague	supplier requirement as own conduct
Unilever	24	Our commitment to producing environmentally safe products is core to our decision-making on ingredient use.	E	Vague	No	Vague	claim	genuine_commitment	E	Vague	own commitment, unmeasured
Unilever	24	METRICS AND TARGETS Targets Unilever does not have formal targets for pollution emissions defined at a global level.	E	Future Promise	No	Unsubstantiated	non_claim	methodology_definition	E	NA	absence-of-targets disclosure
Unilever	25	Where laboratory results are below the detection limit, 50% of the detection limit is used in the calculations.	S	Strong	Yes	Supported	non_claim	methodology_definition	E	NA	parameter number, not performance
Unilever	25	Estimations make up circa 79% of the remaining reported pollutant emissions (2024: 94%).	E	Strong	Yes	Supported	non_claim	methodology_definition	E	NA	data-estimation share, not performance
Unilever	25	These differences are expected and have arisen as a result of key improvements in the accuracy and completeness of data collected from sampling, including more precise reporting at sites and more accurate identification of emission point types.	E	Future Promise	No	Unsubstantiated	non_claim	methodology_definition	E	NA	restatement/data-accuracy explanation
Unilever	25	(c) Mercury in water (<0.05t) and total phosphorous in soil (17t), have been removed from our reported pollutants as they are below the reporting threshold in 2025 and not considered potentially near or above threshold levels.	E	Strong	Yes	Supported	non_claim	methodology_definition	E	NA	reporting-threshold exclusion, not performance
Unilever	26	Actions Water consumption Within our manufacturing operations, we drive continuous improvement through the implementation and monitoring of site-level water management plans.	E	Future Promise	No	Unsubstantiated	claim	genuine_property	E	Vague	asserted improvement via plans, unmeasured
Unilever	26	We seek to minimise water abstraction from shared resources per tonne of production, including reusing and recycling freshwater wherever practical.	E	Vague	No	Vague	claim	genuine_commitment	E	Vague	seek-to effort, no target
Unilever	26	Programmes focus on reducing the water footprint inside factories or replenishing water resources in the surrounding river basin.	E	Vague	No	Vague	non_claim	activity_report	E	NA	programme focus, no outcome
Unilever	26	■In 2026, we will continue to onboard new sites in support of our target to implement water stewardship programmes in 100 locations in water- stressed areas by 2030.	G	Future Promise	No	Unsubstantiated	claim	genuine_commitment	E	Future Promise	engine said G; water stewardship is E
Unilever	26	Reducing product demand To respond to changes in water access, we invest in water-smart products and formulations that deliver superior performance to our customers even in countries with high water stress.	E	Vague	No	Vague	non_claim	risk_condition	E	NA	adaptation; stated outcome is product performance
Unilever	26	METRICS AND TARGETS Targets We do not have formal targets on water withdrawal in our own operations or upstream value chain.	E	Future Promise	No	Unsubstantiated	non_claim	methodology_definition	E	NA	absence-of-targets disclosure
Unilever	26	Water withdrawal from our own operations is addressed through our manufacturing processes and measured against local environmental performance targets, rather than global targets.	E	Future Promise	No	Unsubstantiated	non_claim	methodology_definition	E	NA	explains target/measurement structure
Unilever	26	Further, we do not have targets on water- smart product design.	E	Future Promise	No	Unsubstantiated	non_claim	methodology_definition	E	NA	absence-of-targets disclosure
Unilever	26	Unilever’s target is to implement water stewardship programmes in 100 locations in water-stressed areas by 2030, in line with our Environmental Policy.	E	Future Promise	No	Unsubstantiated	claim	genuine_commitment	E	Future Promise	quantified 2030 target
Unilever	26	In 2026, we will update this target to focus our impact with the aim of implementing stewardship programs for 100% of our production sites located in water-stressed areas by 2030.	E	Future Promise	Partial	Weak Evidence	claim	genuine_commitment	E	Future Promise	planned target update, forward-looking
Unilever	27	For sites where this information is not collected (representing 2% of water consumption), consumption is estimated based on site headcount, pallet positions and proxy data.	E	Strong	Yes	Supported	non_claim	methodology_definition	E	NA	estimation method, not performance
Unilever	27	Unilever sites in areas at water risk, including areas of high water stress, are identified using the World Resources Institute (WRI) Aqueduct Water Risk Atlas tool.	E	Vague	No	Vague	non_claim	activity_report	E	NA	WRI Aqueduct tool use, rubric example
Unilever	27	Water recycled and reused is measured via meter readings (78%) or through a water mass balance (22%) at all manufacturing sites and the majority of logistics and other sites.	E	Strong	Yes	Supported	non_claim	methodology_definition	E	NA	measurement-method shares, not performance
Unilever	28	To reach this conclusion, we identified sites within a 1km radius of biodiversity-sensitive areas to capture Unilever’s likely direct and indirect impacts and allow for comparability across our sites.	E	Vague	No	Vague	non_claim	methodology_definition	E	NA	parameter number, not performance
Unilever	28	The selected nature scenarios align with our climate scenarios based on their temperature goals and policy ambitions.	E	Future Promise	No	Unsubstantiated	non_claim	methodology_definition	E	NA	scenario-selection methodology
Unilever	28	Environmental pressures pose significant risks to supply chain stability and productivity, affecting crop yields, raw material availability and long-term sourcing strategies.	E	Vague	No	Vague	non_claim	risk_condition	E	NA	world condition, business outcome
Unilever	28	These regenerative agriculture programmes build on our sustainable sourcing programmes, strengthening supplier practices and reducing risks linked to agricultural commodity dependence.	E	Vague	No	Vague	non_claim	risk_condition	E	NA	business-resilience outcome per outcome test
Unilever	28	In 2025, we began developing an updated nature strategy in line with the ACT-D (Assess, Commit, Transform, Disclose) framework that seeks to recognise and leverage the interconnected challenges of climate, biodiversity, livelihoods and pollution to ensure an integrated approach.	E	Vague	No	Vague	non_claim	activity_report	E	NA	strategy in development, no outcome
Unilever	28	Unilever does not have a dedicated biodiversity and ecosystem protection policy focused specifically on impacts from operational sites in or near biodiversity-sensitive areas.	E	Vague	No	Vague	non_claim	methodology_definition	E	NA	absence-of-policy disclosure
Unilever	29	Actions Our actions and resources focus on four priority strategic areas and address our material nature-related impacts, dependencies and risks.	E	Vague	No	Vague	non_claim	activity_report	E	NA	focus-areas statement, no outcome
Unilever	29	Sustainable sourcing In 2025, we sourced 81% of our key crops sustainably; this includes 19% via purchased sustainability credits.	E	Strong	Yes	Supported	claim	genuine_result	E	Strong	achieved measured 81% sourcing result
Unilever	29	Our goal is to source 95% of our key crops sustainably by 2030.	E	Future Promise	Partial	Weak Evidence	claim	genuine_commitment	E	Future Promise	quantified 2030 goal
Unilever	29	This action incorporates local and Indigenous knowledge and nature-based solutions through the requirements embedded within our SAP.	E	Vague	No	Vague	claim	genuine_property	E	Vague	self-contained despite anaphoric opener; SAP requirements
Unilever	29	Deforestation-free supply chains In 2025, we exceeded 95% purchase volumes of palm oil, paper and board, tea, soy and cocoa as deforestation-free, based on Unilever’s requirements.	G	Strong	Yes	Supported	claim	genuine_result	E	Strong	achieved >95% deforestation-free; header prefix harmless
Unilever	29	This supply chain collaboration enhances our impact and allows us to maintain and grow deforestation- free sources.	E	Vague	No	Vague	non_claim	anaphoric_fragment	E	NA	unresolved 'this collaboration'; generic benefit only
Unilever	29	We have continued to invest in the verification of suppliers against our Independent Verification Protocols, expanding the implementation of our deforestation-free sourcing programme, addressing risk, and ensuring the resilience of our supply chain and supporting ecosystems.	E	Vague	No	Vague	non_claim	activity_report	E	NA	investment activity; resilience outcome fails outcome test
Unilever	29	Our deforestation-free landscape strategy also includes empowerment and inclusion of smallholders in our supply chain, through direct sourcing approaches as well as working across landscapes.	E	Vague	No	Vague	non_claim	activity_report	S	NA	strategy contents description, no outcome
Unilever	29	In 2025, Unilever continued to increase the number of palm oil smallholder farmers across Indonesia trained in sustainable agricultural practices, with around 29,500 trained since January 2024.	E	Vague	No	Vague	claim	genuine_result	S	Strong	29,500 farmers trained, measured
Unilever	29	In addition, as part of our inclusive sourcing initiative, we have now mapped over 55,000 palm smallholder farmers, while further supporting RSPO smallholder certification across our palm supply base.	S	Vague	No	Vague	claim	genuine_result	S	Strong	55,000 farmers mapped, measured
Unilever	29	In 2026, we will further extend our deforestation-free verification programme to additional sources and suppliers, with a particular focus on independent mills.	E	Future Promise	No	Unsubstantiated	claim	genuine_commitment	E	Future Promise	2026 verification programme extension
Unilever	29	Here, we actively supported programmes leveraging multi-stakeholder collaboration, such as the Coalition for Sustainable Livelihoods to protect the Leuser Ecosystem and Conservation International in the Tapanuli Selatan region.	S	Vague	No	Vague	non_claim	activity_report	E	NA	supported programmes, no stated outcome
Unilever	29	Specific actions for 2026 include scaling up our Mangrove Initiative for people, climate and nature in Ecuador, which we are delivering with Conservation International, the Green Climate Fund (GCF) and the Government of Ecuador.	E	Vague	No	Vague	claim	genuine_commitment	E	Future Promise	2026 plan to scale Mangrove Initiative
Unilever	29	Policy recommendations, including scaling up incentives in support of regenerative practices, were shared with the Brazilian Government.	G	Vague	No	Vague	non_claim	activity_report	E	NA	advocacy event, recommendations shared
Unilever	29	■Climate Week NYC and COP30: The need to create a regulatory landscape that supports farmers to transition to, and maintain, regenerative approaches was further reinforced at Climate Week NYC and COP30.	E	Vague	No	Vague	non_claim	advocacy_opinion	E	NA	states a regulatory need, event context
Unilever	30	Our sustainable sourcing and regenerative agriculture targets aim to address the impact of ecosystem degradation, potential crop yield reduction, and biodiversity loss or collapse within our value chain.	E	Future Promise	No	Unsubstantiated	non_claim	risk_condition	E	NA	target rationale addressing value-chain risks
Unilever	30	Our protect and restore and no-deforestation targets represent a unified approach to ecosystem intervention, aiming to address biodiversity loss risks and potential regulatory or activist challenges in areas surrounding our value chain.	E	Future Promise	No	Unsubstantiated	non_claim	risk_condition	E	NA	targets address regulatory/activist risk, business protection
Unilever	30	After achieving 97.5% deforestation-free sourcing of our five primary deforestation-linked commodities (palm oil, paper and board, tea, soy and cocoa) in 2023, we set a new goal to maintain 95% deforestation-free sourcing.	G	Future Promise	Partial	Weak Evidence	claim	genuine_commitment	E	Future Promise	mixed: achieved 97.5% plus new 95% goal
Unilever	30	Target-setting was informed by, but not aligned with, the Kunming-Montreal Global Biodiversity Framework, and all our targets can be allocated to the avoidance, minimisation, restoration, and rehabilitation layers of the mitigation hierarchy.	E	Future Promise	No	Unsubstantiated	non_claim	methodology_definition	E	NA	target-setting framework explanation
Unilever	30	Measuring performance against this target includes the partial use of credits to address the unavailability of physically sustainable (certified) sources in some markets.	E	Future Promise	Partial	Weak Evidence	non_claim	methodology_definition	E	NA	how performance measurement uses credits
Unilever	30	These credits are compensatory and not associated with providing biodiversity improvements.	E	Vague	No	Vague	non_claim	methodology_definition	E	NA	credit definition, not performance
Unilever	30	Maintain no deforestation across our primary deforestation-linked commodities Performance is measured as the percentage of volumes purchased of palm oil, paper and board, tea, soy and cocoa that meet Unilever’s deforestation-free requirements in the period from 1 January to 31 December 2025.	G	Vague	No	Vague	non_claim	methodology_definition	E	NA	target title plus measurement definition
Unilever	31	In addition, we continued to deliver ahead of our goal to maintain 95% purchase volumes as deforestation-free.	E	Future Promise	Partial	Weak Evidence	claim	genuine_result	E	Strong	delivered ahead of 95% goal, past achievement
Unilever	31	Our performance against our sustainable sourcing target is in line with expectation, as there has been a decline in some portfolios (dairy, sugar and cocoa) offset by improvements in others (starches and cereals).	E	Future Promise	No	Unsubstantiated	claim	genuine_result	E	Vague	performance reported without figures
Unilever	31	As the majority of cocoa volumes relate to Ice Cream, we will review the scope of our targets in 2026 and update our key crops accordingly.	E	Future Promise	No	Unsubstantiated	non_claim	methodology_definition	E	NA	target scope review, administrative
Unilever	31	A Protected Area (PA) is a clearly defined geographical space recognised, dedicated and managed through legal or other effective means to achieve the long-term conservation of nature, along with associated ecosystem services and cultural values.	E	Vague	No	Vague	non_claim	methodology_definition	E	NA	Protected Area definition
Unilever	31	We undertook a comprehensive review of our site list to clarify ownership structures and operating status which led to a reduction in the number of sites in scope.	E	Vague	No	Vague	non_claim	methodology_definition	E	NA	reporting scope change, not performance
Unilever	32	Our policies in relation to plastic packaging encompass the reduction in our use of virgin plastics, and our policies in relation to hazardous waste encompass waste management.	E	Vague	No	Vague	non_claim	policy_content	E	NA	policy coverage description
Unilever	32	To date, we have driven the majority of our virgin plastic reduction through the use of post-consumer recycled plastic (PCR).	E	Vague	No	Vague	claim	genuine_result	E	Vague	mechanism attribution; reduction unquantified
Unilever	32	We delivered this through close collaboration with our network of PCR suppliers and our Business Groups to increase PCR levels.	S	Vague	No	Vague	non_claim	anaphoric_fragment	E	NA	'delivered this' unresolved; process language
Unilever	32	For example, following significant technical advances with suppliers to unlock the supply of high-quality recycled plastic, our Wonder Wash laundry detergent bottles in the UK and Europe, and our Hellmann’s Squeeze bottles in Brazil, now contain up to 100% PCR (excluding lids and caps).	E	Strong	Yes	Supported	claim	genuine_property	E	Strong	bottles up to 100% PCR, measured
Unilever	32	To achieve this, we have expanded partnerships with waste management providers and community-based collection systems, such as those with Lohjinawi and Persada in Indonesia.	E	Vague	No	Vague	non_claim	activity_report	E	NA	expanded partnerships, no stated outcome
Unilever	32	We continue to improve recyclability in practice and further increase access to recycled content through advocacy and targeted investments.	E	Future Promise	No	Unsubstantiated	claim	genuine_result	E	Vague	ongoing improvement asserted, unmeasured
Unilever	32	For example, through Circulate Capital’s Ocean Fund, we are investing in waste collection infrastructure in places like India, Indonesia and Latin America.	E	Vague	No	Vague	non_claim	activity_report	E	NA	investment example, no outcome
Unilever	32	We are continuing to develop next-generation packaging solutions that are reusable, recyclable or compostable, while reducing the virgin plastic we use.	E	Vague	No	Vague	claim	genuine_result	E	Vague	asserts ongoing virgin plastic reduction, unmeasured
Unilever	32	Our Packaging R&D team is actively developing new flexible packaging materials that are recyclable and/or compostable, and in 2026 we will update our targets to increase focus on our transition to paper-based flexible packaging.	E	Future Promise	No	Unsubstantiated	claim	genuine_commitment	E	Future Promise	mixed: R&D activity plus 2026 target update
Unilever	32	For rigid plastic packaging, in 2025, we focused on increasing the roll-out of reusable plastic packaging.	E	Vague	No	Vague	non_claim	activity_report	E	NA	focus area stated, no outcome
Unilever	32	For example, in the UK we launched Cif’s Infinite Clean all-in-one spray, which uses a reusable trigger spray that reduces plastic waste by 50%.	E	Strong	Yes	Supported	claim	genuine_property	E	Strong	product reduces plastic waste 50%
Unilever	32	Waste management, including hazardous waste We drive continuous improvement in waste management at our sites, including hazardous waste, through the Environmental Care Framework Standard (ECFWS).	E	Vague	No	Vague	claim	genuine_property	E	Vague	header prefix; unmeasured operational practice
Unilever	32	Periodically, sites develop action plans to improve environmental performance, including waste management, and monitor progress throughout the year to ensure the timely closure of actions.	E	Future Promise	No	Unsubstantiated	non_claim	activity_report	E	NA	management process description, no stated outcome
Unilever	32	To reduce our waste footprint, the standard also requires sites to maintain zero non-hazardous waste from manufacturing to landfill or incineration without energy recovery.	E	Vague	No	Vague	non_claim	policy_content	E	NA	requirement phrased via standard, not as 'we'
Unilever	32	Unilever has maintained zero non-hazardous waste to landfill since 2015; we consider this to be maintained when less than 0.5% of non-hazardous waste is disposed to landfill.	E	Strong	Yes	Supported	claim	genuine_result	E	Strong	mixed: achieved result + threshold definition
Unilever	32	METRICS AND TARGETS Targets Our plastic packaging targets focus on the areas we know will have the most impact such as reducing our use of virgin plastic and developing solutions for hard-to-recycle flexible plastic packaging materials, like sachets.	E	Future Promise	No	Unsubstantiated	claim	genuine_commitment	E	Vague	describes target focus, unmeasured
Unilever	32	These voluntary targets are in line with Unilever’s Environmental Policy.	E	Future Promise	No	Unsubstantiated	non_claim	alignment_selfref	E	NA	
Unilever	32	We aim to address plastic pollution by reducing our virgin plastic usage and working to keep plastic in circulation.	E	Future Promise	No	Unsubstantiated	claim	genuine_commitment	E	Vague	own aim, unmeasured
Unilever	32	Having reached our 2025 milestone (excluding Ice Cream), PCR will remain an important lever to deliver our virgin plastic reduction goals.	E	Future Promise	No	Unsubstantiated	claim	genuine_result	E	Strong	mixed: milestone reached + lever opinion
Unilever	32	In 2025, we also delivered on our target to collect and process more plastic packaging than we sell.	E	Future Promise	No	Unsubstantiated	claim	genuine_result	E	Strong	delivered on target = past achievement
Unilever	32	From 2026, we will increase focus on our transition to paper-based flexible packaging, with the inclusion of a paper flexibles target in our Sustainability Progress Index (SPI).	E	Future Promise	No	Unsubstantiated	claim	genuine_commitment	E	Future Promise	
Unilever	32	Making progress on our plastics targets is relevant to EPR schemes and plastic taxes or bans; however, we do not set specific targets to manage these.	E	Future Promise	No	Unsubstantiated	non_claim	methodology_definition	E	NA	no-targets disclosure plus regulatory relevance
Unilever	32	We do not have formal waste targets in place in our own operations.	E	Future Promise	No	Unsubstantiated	non_claim	methodology_definition	E	NA	absence-of-targets disclosure
Unilever	32	Our global Safety, Health and Environment (SHE) team measures the manufacturing sites’ waste generation and reduction, and site-level plans are developed where improvements are needed.	E	Future Promise	No	Unsubstantiated	non_claim	activity_report	E	NA	monitoring process, no stated outcome
Unilever	33	Plastics targets The scope of our plastic packaging targets includes plastic packaging in 26 countries, which account for approximately 82% of Unilever’s sales.	E	Future Promise	Partial	Weak Evidence	non_claim	methodology_definition	E	NA	target scope parameters, not performance
Unilever	33	Packaging materials comprise of a range of different plastics, including: ■Rigids – plastic packaging materials that are sturdy, inflexible and maintain their shape even when empty (e.g.	E	Vague	No	Vague	non_claim	methodology_definition	E	NA	material definitions, ends mid-fragment
Unilever	33	100% of our plastic packaging to be reusable, recyclable or compostable by 2030 (for rigids) and 2035 (for flexibles); and Collect and process more plastic packaging than we sell by 2025 Plastic packaging volumes are based on plastic packaging used in products sold.	E	Future Promise	Partial	Weak Evidence	claim	genuine_commitment	E	Future Promise	shredded but self-contained dated targets
Unilever	33	We also decreased our virgin plastic footprint by 6% compared to 2024, primarily through the expansion of PCR (including and excluding Ice Cream).	E	Strong	Yes	Supported	claim	genuine_result	E	Strong	
Unilever	33	This, alongside lightweighting innovations (reducing the mass of plastic components and packaging) and alternative formats that remove plastic from our packaging, remain important levers to reducing virgin plastic.	E	Vague	No	Vague	non_claim	advocacy_opinion	E	NA	important-levers opinion
Unilever	33	Progress against our reusable, recycle or compostable goal remains comparable with prior year; there was a 2% improvement in flexibles resulting from increased sales of recyclable flexibles and updates to recyclability assessments.	E	Future Promise	Partial	Weak Evidence	claim	genuine_result	E	Strong	2% improvement partly from assessment updates
Unilever	34	Resource inflows metrics: Products and technical and biological materials used, including secondary materials Measured based on tonnes of raw and packaging materials purchased for Unilever operations and collaborative manufacturing, and water consumed in Unilever operations.	E	Vague	No	Vague	non_claim	methodology_definition	E	NA	measurement basis
Unilever	34	Where supplier invoices or product specification information are not available for packaging materials purchased by third parties, volumes are estimated using extrapolation of existing data (representing circa 1% of total raw and packaging materials purchased by Unilever and third parties).	E	Strong	Yes	Supported	non_claim	methodology_definition	E	NA	estimation method; parameter number, not performance
Unilever	34	Resource inflows metrics: Biological materials that are sustainably sourced Measured based on tonnes of biological raw and packaging materials purchased by Unilever.	E	Vague	No	Vague	non_claim	methodology_definition	E	NA	measurement basis
Unilever	34	(b) Of the total tonnes, 52% (2024: 47%) was raw and packaging materials purchased for Unilever operations and collaborative manufacturing, and 48% was water consumed in operations.	E	Strong	Yes	Supported	non_claim	methodology_definition	E	NA	footnote composition split, not performance
Unilever	34	(c) Of the total Ice Cream tonnes, 33% was raw and packaging materials purchased for Unilever operations and collaborative manufacturing, and 67% was water consumed in operations.	E	Strong	Yes	Supported	non_claim	methodology_definition	E	NA	footnote composition split, not performance
Unilever	34	Resource Outflows Products and materials Description of resource outflows Resource outflows include consumer products, the packaging materials used to contain or protect them, and waste materials.	E	Vague	No	Vague	non_claim	methodology_definition	E	NA	definition of resource outflows
Unilever	34	Where supplier invoices or product specification information are not available for packaging materials purchased by third parties, volumes are estimated using extrapolation of existing data (representing circa 7% of total packaging materials purchased by Unilever and third parties).	E	Strong	Yes	Supported	non_claim	methodology_definition	E	NA	estimation method; parameter number, not performance
Unilever	35	Not all packaging that is technically recyclable will actually be recycled, due to a lack of infrastructure.	E	Future Promise	No	Unsubstantiated	non_claim	risk_condition	E	NA	world-condition caveat on recycling infrastructure
Unilever	35	For the remaining sites, representing 2% of volumes, estimates are made for hazardous and non-hazardous waste based on measured sites and site headcount or pallet position.	E	Strong	Yes	Supported	non_claim	methodology_definition	E	NA	estimation method; parameter number, not performance
Unilever	36	EU Taxonomy Disclosures OVERVIEW The EU Taxonomy regulation, part of the European Action Plan for Sustainable Finance, aims to direct capital flows into sustainable activities.	E	Future Promise	No	Unsubstantiated	non_claim	risk_condition	E	NA	describes EU regulation, not own conduct
Unilever	36	We have also identified certain activities related to iii) sustainable use and protection of water and marine resources, and iv) transition to a circular economy.	E	Vague	No	Vague	non_claim	methodology_definition	E	NA	taxonomy eligibility identification
Unilever	36	We did not identify eligible activities in respect of v) pollution prevention and control, and vi) protection and restoration of biodiversity and ecosystems.	E	Vague	No	Vague	non_claim	methodology_definition	E	NA	taxonomy eligibility identification
Unilever	36	542 16% Total Eligible 542 16% (a) CCM/CCA = Climate Change Mitigation/Climate Change Adaptation.	E	Strong	Yes	Supported	non_claim	table_fragment	E	NA	
Unilever	38	Capability building across our value chain to improve livelihoods ▲ Positive Impact (VC) Unilever supports people in our value chain, including smallholder farmers, to improve their livelihoods.	S	Vague	No	Vague	non_claim	methodology_definition	S	NA	IRO statement table row
Unilever	38	Discrimination Negative Impact (OO) (VC) Discrimination is the absence of equality of opportunity and treatment, occurring when a person is treated differently on the basis of protected characteristics.1 Discrimination may occur in our own operations and value chain.	S	Vague	No	Vague	non_claim	methodology_definition	S	NA	IRO statement with definition
Unilever	38	Protected characteristics include race, age, role, gender, gender identity, colour, religion, country of origin, sexual orientation, marital status, dependents, disability, social class, political views or any other class protected by law.	S	Vague	No	Vague	non_claim	methodology_definition	S	NA	definition of protected characteristics
Unilever	39	Affected Communities Salient human rights issues Land rights, including Indigenous Peoples’ rights Negative Impact (OO) (VC) Land is a source of livelihood for many and is also linked with people’s identities, culture and social status, which are protected by legal or customary rights.	S	Vague	No	Vague	non_claim	methodology_definition	S	NA	IRO row, background description
Unilever	39	Communities connected to the areas where we operate, source and conduct business may be affected by land rights issues.	S	Vague	No	Vague	non_claim	risk_condition	S	NA	communities may be affected, world condition
Unilever	39	In many markets, consumers are increasingly focused on products that combine great taste and health with limited salt, sugar, saturated fats and calories, as well as provide positive nutrition such as proteins, vitamins and minerals, fibre and vegetables.	S	Vague	No	Vague	non_claim	risk_condition	S	NA	consumer trend description, not company conduct
Unilever	39	Unilever continues to focus on products that respond to these challenges through innovations and investments in sustainable brands, which provides an opportunity to create a competitive advantage and drive revenue growth.	E	Vague	No	Vague	non_claim	risk_condition	S	NA	outcome is competitive advantage and revenue
Unilever	40	APPROACH TO HUMAN RIGHTS Unilever’s commitment to respect human rights extends across our operations, value chain, affected communities and consumers.	S	Vague	No	Vague	claim	genuine_commitment	S	Vague	own commitment to respect human rights, unmeasured
Unilever	40	Our downstream value chain includes drivers and transport operators who ensure our products reach our customers, and retail employees selling our products to customers.	S	Vague	No	Vague	non_claim	methodology_definition	S	NA	value chain scope description, ESRS element
Unilever	40	As a result, we have not included affected communities as a separate topic within the sustainability statement, as policies, actions, targets and metrics are disclosed with the Approach to Human Rights section.	S	Future Promise	No	Unsubstantiated	non_claim	methodology_definition	S	NA	disclosure structure explanation
Unilever	40	Human rights policies Unilever’s Human Rights Policy Statement sets out our commitment to respect human rights and our approach to embedding its overarching principles throughout our business.	S	Vague	No	Vague	non_claim	policy_content	S	NA	document sets out commitment, not asserted directly
Unilever	40	Our Respect, Dignity and Fair Treatment Code policy sets out how we will respect employees’ human rights by: ■Basing all employment-related decisions on merit.	S	Future Promise	No	Unsubstantiated	non_claim	policy_content	S	NA	policy sets out principles
Unilever	40	Team leaders have operational responsibility for health and safety in our own workforce and must: ■Establish and maintain appropriate systems; ■Identify and manage hazards and risks; ■Investigate and report all incidents and near misses; and ■Ensure appropriate communications and training is provided.	S	Vague	No	Vague	non_claim	governance_role	S	NA	role responsibilities plus policy imperatives
Unilever	40	Implementation of the RPP is guided by the Responsible Sourcing and Business Partnering Code Policy, which ensures that the teams contracting with third parties understand the RPP and consult the Responsible Business team on remediation of issues, such as human rights non-compliances.	G	Vague	No	Vague	non_claim	governance_role	G	NA	policy implementation process description
Unilever	40	■Develop and embed effective management systems to meet the requirements of the RPP and People & Nature Policy.	E	Vague	No	Vague	non_claim	policy_content	S	NA	imperative supplier requirement bullet
Unilever	40	This includes a focus on the rights of Indigenous Peoples and local communities with respect to livelihoods, food security and resources, along with commitments to respect and promote land rights.	S	Vague	No	Vague	claim	genuine_commitment	S	Vague	anaphoric opener but asserts land rights commitments
Unilever	40	In addition, Unilever’s Principles in Support of Human Rights Defenders outline our commitment to respecting human rights defenders (HRDs).	S	Vague	No	Vague	non_claim	policy_content	S	NA	document outlines commitment, description framing
Unilever	40	These Principles are guided by the UN Declaration on the Right and Responsibility of Individuals, Groups and Organs of Society to Promote and Protect Universally Recognized Human Rights and Fundamental Freedoms, the UNGPs, and the UN Declaration on the Rights of Indigenous Peoples.	S	Vague	No	Vague	non_claim	alignment_selfref	S	NA	principles guided by UN frameworks
Unilever	40	Our commitment to conducting business with integrity while respecting human rights is driven through our COBP and Code Policies, including commitments to our consumers and society.	G	Vague	No	Vague	claim	genuine_commitment	G	Vague	own integrity commitment via COBP, unmeasured
Unilever	41	Responsibility for our human rights commitment is embedded across all parts of our business.	S	Vague	No	Vague	non_claim	governance_role	G	NA	responsibility embedding, governance mechanism
Unilever	41	These hubs coordinate activities to improve farm productivity, livelihoods and ecosystems to strengthen incomes, resilience and sustainable market access.	E	Vague	No	Vague	non_claim	activity_report	S	NA	anaphoric hubs, programme aims no outcome
Unilever	41	We also work with partners and peers on the Respecting Indigenous Peoples and Local Communities Rights Affected by Agricultural Production in Indonesia project, aiming to identify and address systemic barriers to land rights, strengthen local mediation capabilities, and co-develop scalable, community-driven solutions.	S	Future Promise	No	Unsubstantiated	non_claim	activity_report	S	NA	partnership project participation, aims only
Unilever	41	Identifying and assessing human rights risks A multidimensional approach is used to identify potential and actual human rights impacts, incorporating data, risk indicators and insights from a wide range of sources.	S	Vague	No	Vague	non_claim	methodology_definition	S	NA	how impacts are identified and assessed
Unilever	41	Pre-acquisition, we evaluate policies, processes and management systems to ensure respect for human rights is embedded within the entity’s operations and value chain.	S	Vague	No	Vague	claim	genuine_property	S	Vague	standing pre-acquisition due diligence practice
Unilever	41	Post-acquisition, onboarding processes include creation of corrective action plans to address gaps identified during the pre-acquisition phase and integration of the new entity into Unilever’s compliance systems.	G	Future Promise	No	Unsubstantiated	claim	genuine_property	G	Vague	standing onboarding compliance process
Unilever	41	Actions to address potential human rights impacts, often conducted in partnership with peer companies and expert partners, include: ■Embedding effective management systems throughout our operations; ■Providing training and capability building; and ■Participating in advocacy and multi-stakeholder collaborations to address root causes and facilitate systemic change.	S	Vague	No	Vague	non_claim	activity_report	S	NA	list of action types, no outcomes
Unilever	41	2025 actions Key deliverables across our value chain and affected communities include: ■Supporting suppliers through our HRDD development programme to strengthen human rights policies and processes.	S	Vague	No	Vague	non_claim	activity_report	S	NA	programme support activity, no stated outcome
Unilever	41	We collaborated with implementation partners to help suppliers respond to maturity assessments and worker engagement surveys, and we will continue to track the progress of agreed actions.	S	Future Promise	No	Unsubstantiated	non_claim	activity_report	S	NA	mixed: past activity plus weak process pledge
Unilever	42	■Engaging suppliers through our Palm Oil Social Supplier Development Programme to mitigate negative impacts and improve working conditions.	S	Vague	No	Vague	non_claim	activity_report	S	NA	supplier engagement programme, no outcome
Unilever	42	This included providing targeted support and conducting impact assessments through interviews with management and workers.	S	Future Promise	No	Unsubstantiated	non_claim	activity_report	S	NA	anaphoric activity description, no outcome
Unilever	42	■Collaborating with Proforest and peers in Indonesia to tackle barriers to land rights, strengthen mediation capabilities and co-create scalable, community-driven solutions.	S	Vague	No	Vague	non_claim	activity_report	S	NA	collaboration bullet, aims only
Unilever	42	This was delivered through phase two of the Respecting Indigenous Peoples and Local Communities Rights Affected by Agricultural Production in Indonesia project.	S	Vague	No	Vague	non_claim	anaphoric_fragment	S	NA	This was delivered, nothing concrete standalone
Unilever	42	All rightsholders have access to raise concerns through our Unilever Code Support Line (whistleblowing line) and online Speak Up platform, including any suspected Code breaches, breaches of the Responsible Partner Policy (RPP) or cases of non-respect of the UNGPs.	G	Vague	No	Vague	claim	genuine_property	G	Vague	grievance channel access, verifiable but unmeasured
Unilever	42	All investigations of suspected Code breaches are conducted by a Business Integrity Officer.	G	Vague	No	Vague	non_claim	governance_role	G	NA	who conducts investigations, role description
Unilever	42	At a commodity level, our People and Nature Grievance Mechanism provides a framework for investigating and resolving potential and actual social and environmental impacts, including those raised by rightsholders in the communities where we operate or source from.	E	Vague	No	Vague	non_claim	activity_report	S	NA	mechanism existence, spans E and S
Unilever	43	METRICS AND TARGETS Targets Unilever is committed to respecting human rights across our operations, value chain and communities in which we operate.	S	Future Promise	No	Unsubstantiated	claim	genuine_commitment	S	Vague	committed to respecting human rights, unmeasured
Unilever	43	However, due to the nature of human rights, we do not define formal targets.	S	Future Promise	No	Unsubstantiated	non_claim	methodology_definition	S	NA	explains absence of formal targets
Unilever	44	They set out our commitment to fostering a workplace that is inclusive, free from discrimination and founded on mutual trust.	S	Vague	No	Vague	non_claim	policy_content	S	NA	anaphoric documents set out commitment
Unilever	44	In these, our senior leaders introduced our new CEO, outlined our growth strategy and market performance, shared progress on embedding our new operating model, and answered questions on issues of concern to our workforce, such as the demerger of our Ice Cream business.	S	Vague	No	Vague	non_claim	activity_report	S	NA	town hall event report, no outcome
Unilever	44	Engaging with workers’ representatives In 2025, we demonstrated our ongoing commitment to fair and transparent industrial relations by actively engaging with employee representatives globally.	S	Vague	No	Vague	claim	genuine_commitment	S	Vague	own commitment asserted via activity, unmeasured
Unilever	44	This includes the channels for our own workforce to raise concerns, the investigation and resolution processes in place, as well as non-retaliation policies.	S	Vague	No	Vague	non_claim	anaphoric_fragment	S	NA	opens with This, antecedent missing
Unilever	44	not a breach of the COBP and Code Policies, are not considered in scope for this disclosure.	E	Vague	No	Vague	non_claim	methodology_definition	G	NA	disclosure scope fragment; COBP = G
Unilever	44	Unilever employees are proud to say that they work for Unilever (88% in 2025) and would recommend Unilever as an employer (81% in 2025).	S	Strong	Yes	Supported	claim	genuine_result	S	Strong	measured survey outcomes 88%/81%
Unilever	44	Immersive culture workshops, across both our office and manufacturing employee populations, have also helped embed our culture and winning behaviours.	S	Vague	No	Vague	non_claim	activity_report	S	NA	workshops; culture outcome vague, business-facing
Unilever	44	We are training and equipping managers with tools for honest and courageous conversations to improve management of underperformance, supported by our revised global policy on managing underperformance, launched in 2025.	S	Vague	No	Vague	non_claim	activity_report	S	NA	outcome is managing underperformance, business benefit
Unilever	45	This talent acceleration engine will become a sustainable, cyclical programme embedded into our talent management practices, ensuring a strong and resilient leadership pipeline.	E	Future Promise	No	Unsubstantiated	non_claim	activity_report	S	NA	business outcome: leadership pipeline resilience
Unilever	45	Our succession planning rigour has increased, with dedicated talent forums across business groups and functions, focusing on holistic development for our talent’s current and future roles.	S	Future Promise	No	Unsubstantiated	non_claim	activity_report	S	NA	talent management, business outcome
Unilever	45	We have also invested in building an in-house, end-to-end external recruitment capability, which aims to enable proactive and data-driven talent planning and hiring, and improve recruitment timelines.	S	Future Promise	No	Unsubstantiated	non_claim	activity_report	S	NA	recruitment capability, business outcome
Unilever	45	We have invested in streamlined processes and workforce planning tools, providing HR teams and line managers with enhanced organisational and people insights for improved decision-making.	S	Future Promise	No	Unsubstantiated	non_claim	activity_report	S	NA	HR tooling, business outcome
Unilever	45	Bullying and harassment, discrimination, forced labour and working hours Unilever’s Respect, Dignity and Fair Treatment Code policy sets out our commitments in relation to bullying and harassment, discrimination, forced labour and working hours.	S	Vague	No	Vague	non_claim	policy_content	S	NA	describes what policy document sets out
Unilever	45	Fair wages and income Unilever is committed to a fair wage for all employees as codified in our Respect, Dignity and Fair Treatment Code policy.	S	Vague	No	Vague	claim	genuine_commitment	S	Vague	own commitment to fair wage, unmeasured
Unilever	45	As part of our Framework’s living wage element, we are committed to paying a living wage to all our direct employees, which we achieved in 2020.	S	Vague	No	Vague	claim	genuine_result	S	Strong	living wage for all direct employees achieved 2020
Unilever	45	To maintain this standard, Unilever annually reviews direct employees’ pay and benefits against an independent living wage benchmark, with corrective action being taken as necessary.	S	Vague	No	Vague	claim	genuine_property	S	Vague	annual benchmark review practice, no measured outcome
Unilever	45	’Direct employees’ are all those integrated into Unilever’s global reward structure and human resources information system.	S	Vague	No	Vague	non_claim	methodology_definition	S	NA	definition of direct employees
Unilever	45	Health Unilever is committed to providing healthy and safe working conditions for all its employees.	S	Vague	No	Vague	claim	genuine_commitment	S	Vague	
Unilever	45	It is deeply embedded in our culture, governance and operating structures, with accountability at all levels.	G	Vague	No	Vague	non_claim	anaphoric_fragment	S	NA	It unresolved standalone
Unilever	45	Safety standards and communications Unilever is committed to continuously improving health and safety performance, with strong safety leadership being key.	S	Vague	No	Vague	claim	genuine_commitment	S	Vague	commitment to improve safety, unmeasured
Unilever	45	These visits demonstrate our leadership’s commitment to safety and encourage people to speak up about unsafe behaviour.	S	Vague	No	Vague	non_claim	anaphoric_fragment	S	NA	These visits, antecedent missing
Unilever	45	Our safety culture is embedded through activities like our annual Safety Day, our routine Safety Moments, Safety Campaigns and our annual Global Safety Awards, which celebrate the outstanding work of our teams across the world.	S	Vague	No	Vague	non_claim	activity_report	S	NA	programme listing, unverifiable culture assertion
Unilever	45	The 2025 Safety Day campaign was themed around staying three steps ahead when it comes to our safety by identifying risks and the layers of protection needed to keep safe.	S	Vague	No	Vague	non_claim	activity_report	S	NA	campaign theme description
Unilever	45	Employees identified high-risk tasks and shared the layers of protection they put in place to stay three steps ahead on their safety.	S	Vague	No	Vague	non_claim	activity_report	S	NA	campaign participation, no outcome
Unilever	45	METRICS AND TARGETS For metrics relating to our own workforce, employee data captured in the global HR system is extracted as at 31 December 2025.	S	Future Promise	No	Unsubstantiated	non_claim	methodology_definition	S	NA	data extraction method
Unilever	45	Targets No formal targets have been defined for our own workforce with respect to the material impacts, risks and opportunities identified in our sustainability statement.	E	Future Promise	No	Unsubstantiated	non_claim	methodology_definition	S	NA	ESRS targets disclosure: no targets defined
Unilever	46	The total headcount per country is compared to the total headcount of Unilever employees to identify any countries of significant employment (>50 employees that represent more than 10% of headcount).	S	Strong	Yes	Supported	non_claim	methodology_definition	S	NA	parameter numbers, not performance
Unilever	47	As at 31 December 2025, 100% of Unilever employees were paid an adequate wage.	S	Strong	Yes	Supported	claim	genuine_result	S	Strong	100% adequate wage, measured
Unilever	47	As at 31 December 2025, 100% of Unilever employees are covered by social protection against loss of income due to one or more major life events, through public programmes or through benefits offered by Unilever.	S	Strong	Yes	Supported	claim	genuine_result	S	Strong	100% social protection coverage, measured
Unilever	47	However, due to different legal systems and employment laws, the employee groups covered by social protection for the different major life events vary across the nearly 100 countries in which Unilever has employees.	S	Vague	No	Vague	non_claim	risk_condition	S	NA	coverage caveat from legal-system variation
Unilever	47	The table on the following page sets out the countries in which employees do not have social protection, by event type, and the type of employees who do not have such protection.	S	Vague	No	Vague	non_claim	navigation	S	NA	points to table on following page
Unilever	48	For shared non-manufacturing sites, 10% of incidents are allocated based on the estimated percentage of Ice Cream office employees divided by total office employees.	S	Strong	Yes	Supported	non_claim	methodology_definition	S	NA	incident allocation method; parameter number
Unilever	49	A substantial proportion of male employees are employed in manufacturing roles, which are typically at the lower end of our internal pay structure and often located in countries with lower prevailing wage levels.	S	Vague	No	Vague	non_claim	other_nonclaim	S	NA	explains pay-gap driver, no performance asserted
Unilever	49	The demerger of our Ice Cream business also resulted in the average male salary declining more sharply than the average female salary due to the demographic profile of leavers, thereby causing an increase in the gender pay gap.	S	Vague	No	Vague	non_claim	other_nonclaim	S	NA	explains pay-gap increase from demerger
Unilever	49	In 2025, the highest-paid individual received a euro-denominated package, while many employees are located in countries with materially lower absolute salary levels.	S	Vague	No	Vague	non_claim	other_nonclaim	S	NA	explains pay-ratio context
Unilever	50	Delivering positive impacts across our value chain To address barriers to decent livelihoods, we are collaborating with partners to promote systemic change.	S	Vague	No	Vague	non_claim	activity_report	S	NA	heading + partnership activity, no stated outcome
Unilever	50	Our actions, which are delivering positive impacts to our value chain, include: ■Equipping suppliers with the tools, knowledge and resources to start measuring their living wage gaps, all of which are made available on our website at unilever.com.	S	Vague	No	Vague	claim	genuine_result	S	Vague	mixed: unmeasured impact claim + activity list
Unilever	50	These resources include free access to living wage data through WageIndicator, a Living Wage Playbook and dedicated clinics through IDH aimed at supporting specific supplier needs.	S	Future Promise	No	Unsubstantiated	non_claim	activity_report	S	NA	resource list, no stated outcome
Unilever	50	For example, in India, we are helping coffee farmers improve resilience by training them in regenerative practices like natural fertilisers and water conservation.	E	Vague	No	Vague	claim	genuine_result	S	Vague	ongoing help to farmers, unmeasured
Unilever	50	Together, in 2025, we successfully campaigned for living wage to be highlighted in the Doha Political Declaration as a key focus area for government policy aiming to advance social development.	S	Future Promise	No	Unsubstantiated	claim	genuine_result	S	Strong	achieved advocacy outcome, verifiable
Unilever	50	We also launched impact studies and engaged businesses and policymakers on living wage in several countries including the Philippines, Pakistan and Brazil.	S	Vague	No	Vague	non_claim	activity_report	S	NA	launched studies, engagement, no outcome
Unilever	50	As part of Unilever’s 15 sustainability goals, we have set three short-term targets with the aim of delivering long-term impact to the livelihoods of workers in our value chain: ■We are working with smallholder farmers to improve their livelihoods and agricultural practices.	S	Future Promise	No	Unsubstantiated	claim	genuine_commitment	S	Vague	mixed: target meta + vague activity
Unilever	50	Our goal is to help 250,000 smallholder farmers in our supply chain access livelihoods programmes by 2026.	S	Future Promise	No	Unsubstantiated	claim	genuine_commitment	S	Future Promise	250k farmers by 2026
Unilever	50	Our goal is to ensure that suppliers representing 50% of our procurement spend sign the Living Wage Promise by 2026.	S	Future Promise	Partial	Weak Evidence	claim	genuine_commitment	S	Future Promise	50% spend by 2026
Unilever	51	We continue to make good progress for suppliers who have signed our Living Wage Promise and are on track to deliver on our 2026 goal of 50% spend.	S	Future Promise	Partial	Weak Evidence	claim	genuine_commitment	S	Future Promise	on-track progress toward 2026 goal
Unilever	51	In addition, we are on track to meet our 2026 goal of reaching 250,000 smallholder farmers, with almost 210,000 accessing livelihood programmes since January 2024 (including Ice Cream).	S	Future Promise	No	Unsubstantiated	claim	genuine_result	S	Strong	210k farmers reached, measured
Unilever	51	Looking ahead to 2026, the focus will be on accelerating SME onboarding, particularly in home and personal care markets, while deepening engagement through retailer-relevant communication, personalised promotions, and other targeted initiatives to strengthen adoption.	G	Future Promise	No	Unsubstantiated	non_claim	activity_report	S	NA	forward business plan, commercial adoption focus
Unilever	52	Product safety The COBP sets out Unilever’s commitment to providing products and services that are safe for their intended use, as well as accurately and properly labelled, advertised and communicated.	S	Future Promise	No	Unsubstantiated	non_claim	policy_content	S	NA	COBP document description
Unilever	52	Product safety is also governed through the following Code Policies: ■Responsible Innovation Code Policy: describes our commitment to conducting responsible, safe and sustainable research and innovation that fully respects the concerns of our consumers and society.	E	Vague	No	Vague	non_claim	policy_content	S	NA	code policy description
Unilever	52	■Product Safety & Product Quality Code Policy: sets out our commitment to produce safe, high-quality products and services that meet all applicable standards and regulations.	S	Vague	No	Vague	non_claim	policy_content	S	NA	code policy description
Unilever	52	Marketing to children The Responsible Marketing Code Policy sets out our commitment to market our products and services truthfully, accurately and transparently.	G	Vague	No	Vague	non_claim	policy_content	G	NA	marketing code description, ethics mechanism
Unilever	52	Licensing, partnerships and use of characters that may appeal to children are limited to those products that meet the USNC, and all advertising must be responsible, transparent, and avoid promoting unhealthy habits.	G	Vague	No	Vague	claim	genuine_property	S	Vague	mixed: operational restriction + policy imperative
Unilever	52	Product safety Concerns raised to Unilever in relation to product safety are shared with relevant internal experts for further investigation.	S	Vague	No	Vague	non_claim	governance_role	S	NA	internal process description, no outcome
Unilever	52	We are committed to continually improving our quality performance; however, sometimes we fall short of our product safety and quality standards.	S	Vague	No	Vague	claim	genuine_commitment	S	Vague	own commitment, includes shortfall admission
Unilever	52	If this happens, protecting consumers’ safety is our number one priority.	S	Vague	No	Vague	non_claim	advocacy_opinion	S	NA	priority statement, unverifiable
Unilever	53	We also work to improve consumer safety by engaging beyond our business with the scientific community and regulators.	S	Vague	No	Vague	claim	genuine_property	S	Vague	ongoing engagement conduct, unmeasured
Unilever	53	In 2025, we contributed to the European Commission Roadmap to phase out animal testing for chemical safety assessment as industry co-chair for the European Partnership for Alternative Approaches to Animal Testing (EPAA).	S	Vague	No	Vague	non_claim	activity_report	S	NA	contribution and co-chair role, no outcome
Unilever	53	Our approach to eliminating animal testing without compromising on safety is set out further within our Governance disclosures.	G	Vague	No	Vague	non_claim	navigation	S	NA	cross-reference to governance disclosures
Unilever	53	In addition, the Unilever COBP provides defined processes for escalation, review and remediation where instances of non-compliance arise.	G	Vague	No	Vague	non_claim	governance_role	G	NA	COBP escalation process description
Unilever	53	However, we are committed to continually improving our performance against our product safety and quality standards, monitoring the effectiveness of our processes and controls in multiple ways as set out above.	S	Vague	No	Vague	claim	genuine_commitment	S	Vague	we are committed, unmeasured
Unilever	53	ENTITY-SPECIFIC DISCLOSURES Nutritional product quality Policies Continuously improving the nutritional profile of our products and helping consumers adopt better diets without compromising on enjoyment are fundamental to the strategy of our Foods Business Group.	G	Vague	No	Vague	non_claim	advocacy_opinion	S	NA	strategy-importance statement
Unilever	53	■Unilever’s Positive Nutrition Standards outline the criteria for ingredients and nutrients that are recommended for increased consumption.	S	Vague	No	Vague	non_claim	methodology_definition	S	NA	standards define criteria
Unilever	53	Managing impacts on consumers and end-users We work to improve the nutritional quality of products on an ongoing basis, innovating and reformulating our products against the USNC and our Positive Nutrition Standards.	S	Vague	No	Vague	claim	genuine_property	S	Vague	ongoing reformulation conduct, unmeasured
Unilever	53	By investing in improvement and innovation, we aim to enhance the nutritional profile of our products without impacting consumer experience.	S	Future Promise	No	Unsubstantiated	claim	genuine_commitment	S	Future Promise	aim, no target or date
Unilever	53	Targets Unilever does not have formal targets relating to nutritional product quality.	S	Future Promise	No	Unsubstantiated	non_claim	methodology_definition	S	NA	absence-of-targets disclosure
Unilever	54	The threshold values determine the amount of ingredients, macronutrients and micronutrients that need to be present in a Foods or Ice Cream product to deliver positive nutrition.	S	Vague	No	Vague	non_claim	methodology_definition	S	NA	threshold definition, not performance
Unilever	54	A product that contains ingredients, macronutrients or micronutrients meeting at least one of the threshold values is considered to deliver positive nutrition.	S	Vague	No	Vague	non_claim	methodology_definition	S	NA	definition of positive nutrition
Unilever	54	(b) The percentage of our portfolio meeting Unilever’s Science-based Nutrition Criteria excluding Pepsi Lipton joint venture and Ice Cream in 2025 is 86% (2024: 84%).	S	Strong	Yes	Supported	claim	genuine_result	S	Strong	86% portfolio, measured
Unilever	54	(c) The number of products sold that deliver positive nutrition excluding Pepsi Lipton joint venture and Ice Cream in 2025 is 54% (2024: 52%).	S	Strong	Yes	Supported	claim	genuine_result	S	Strong	54% positive nutrition, measured
Unilever	54	Products responding to changing consumer demands Evolving consumer preferences present long-term opportunities for Unilever to drive product innovation and expand our portfolio, aiming to deliver superior products at great value, while reducing our environmental impact.	E	Future Promise	No	Unsubstantiated	non_claim	risk_condition	E	NA	opportunity statement, business outcome
Unilever	54	Wonder Wash is a laundry detergent designed specifically to work in quick, cold cycles, and has a lower environmental impact than traditional detergents used in long cycles.	E	Vague	No	Vague	claim	genuine_property	E	Vague	comparative product property, unquantified
Unilever	54	Our RhamnoClean technology, a 100% natural, biodegradable and renewable biosurfactant, has now been embedded into our core hand dishwash products.	E	Strong	Yes	Supported	claim	genuine_property	E	Strong	100% natural biosurfactant embedded, achieved
Unilever	54	Our long-term investment in non-animal safety science has enabled some of our biggest brands to be certified as ’do not test on animals’ by People for the Ethical Treatment of Animals (PETA) and/or through the Coalition for Consumer Information on Cosmetics’ Leaping Bunny scheme.	G	Vague	Partial	Weak Evidence	claim	genuine_result	S	Strong	achieved third-party certification, verifiable
Unilever	54	Delivering against our ambitious sustainability goals requires innovation.	E	Future Promise	No	Unsubstantiated	non_claim	advocacy_opinion	E	NA	
Unilever	54	However, we do not set targets at a product level to reduce environmental impact from innovation.	E	Future Promise	No	Unsubstantiated	non_claim	methodology_definition	E	NA	negative disclosure of target structure
Unilever	55	Advocacy Positive Impact (OO) (VC) Unilever is actively lobbying governments, regulators and other third parties to influence policies and regulations that will help to drive change in four key areas: climate, nature, plastics and livelihoods.	E	Future Promise	No	Unsubstantiated	non_claim	activity_report	E	NA	lobbying activity, no company outcome
Unilever	55	Our business integrity framework is comprised of three pillars: ■Prevention – we seek to embed a culture of integrity at all levels.	G	Vague	No	Vague	non_claim	governance_role	G	NA	framework structure description
Unilever	55	These range from mandatory training and a global pledge – where employees actively pledge to uphold these values – to employee town halls and leadership awareness sessions.	S	Future Promise	No	Unsubstantiated	claim	genuine_property	G	Vague	anaphoric opener but concrete mechanisms listed
Unilever	55	We aim to continuously improve and further embed a culture of business integrity.	G	Future Promise	No	Unsubstantiated	claim	genuine_commitment	G	Future Promise	unmeasured forward aspiration
Unilever	55	We analyse the results of investigations and audit findings to identify trends and opportunities for improvement.	G	Vague	No	Vague	non_claim	activity_report	G	NA	internal process, no stated outcome
Unilever	55	These responses provide further insight into how strongly business integrity is embedded across the organisation, driving future engagement and action plans.	G	Future Promise	No	Unsubstantiated	non_claim	advocacy_opinion	G	NA	generic-benefit statement about survey responses
Unilever	56	As a result, they help us to protect our brands and reputation, and to prevent harm to people or the environment.	E	Vague	No	Vague	non_claim	anaphoric_fragment	G	NA	unresolved 'they'; business-protection outcome
Unilever	56	In 2025, 90% of employees who responded to the survey stated that in their teams, they believe business is conducted with integrity.	G	Strong	Yes	Supported	claim	genuine_result	G	Strong	measured survey outcome
Unilever	56	We are committed to a culture of transparency and prohibit retaliation in any form against those who report or seek guidance on ethical or compliance issues, or who report cases under our Code, compliant with the EU Whistleblower Directive.	G	Vague	No	Vague	claim	genuine_commitment	G	Vague	commitment plus unmeasured policy property
Unilever	56	The COBP and Code Policies set out that Unilever will not retaliate against employees who raise issues, and that any attempted or actual retaliatory action by employees is in itself considered a Code breach.	S	Future Promise	No	Unsubstantiated	non_claim	policy_content	G	NA	describes what policies set out
Unilever	56	This approach to non-retaliation is emphasised in global employee training sessions.	S	Vague	No	Vague	non_claim	activity_report	G	NA	training content, no outcome
Unilever	56	Business Integrity ensures that investigations are timely, objective and impartial.	G	Vague	No	Vague	non_claim	governance_role	G	NA	function role description
Unilever	56	Where appropriate and possible, we aim to provide transparency on the investigation’s progress and anticipated completion.	G	Future Promise	No	Unsubstantiated	claim	genuine_commitment	G	Future Promise	heavily hedged process commitment
Unilever	56	New suppliers that do not declare compliance with requirements of the RPP are not onboarded, and Unilever will not conduct business with them.	G	Future Promise	No	Unsubstantiated	claim	genuine_property	G	Vague	categorical supplier gate, unquantified
Unilever	56	We also encourage suppliers to share feedback to help us improve our programmes and governance processes, embracing partnership in areas where we can collaborate in a pre-competitive environment to address endemic issues in our industries.	G	Vague	No	Vague	non_claim	activity_report	G	NA	engagement activity, no outcome
Unilever	57	For over 40 years, we have been working to eliminate animal testing without compromising on safety.	S	Vague	No	Vague	claim	genuine_property	S	Vague	long-running effort asserted, unmeasured
Unilever	57	We work with suppliers, government authorities and non-governmental organisations (NGOs) globally to increase the acceptance and use of non-animal approaches for regulatory compliance purposes.	G	Vague	No	Vague	non_claim	activity_report	S	NA	collaboration activity, no outcome
Unilever	57	People for the Ethical Treatment of Animals (PETA) lists Unilever as a ‘company working for regulatory change’ in recognition of our ongoing work on alternatives to animal testing and our commitment to promoting their adoption worldwide.	G	Vague	No	Vague	claim	genuine_result	S	Strong	verifiable third-party recognition
Unilever	57	Unilever’s Responsible Sourcing and Business Partnering Code Policy underpins this approach, setting out the responsibilities of employees to ensure that third parties are subject to our RPP policies and controls.	S	Vague	No	Vague	non_claim	policy_content	G	NA	policy sets out responsibilities
Unilever	57	All potential material cases of corruption and bribery related to public officials are reported to our Chief Legal Officer and Chief Business Integrity Officer, who oversee investigations.	G	Vague	No	Vague	non_claim	governance_role	G	NA	escalation procedure description
Unilever	57	METRICS AND TARGETS Incidents of corruption or bribery There have been no incidents of corruption or bribery resulting in convictions or fines for Unilever Group companies due to violation of applicable anti-corruption and anti-bribery laws in 2025.	G	Future Promise	No	Unsubstantiated	claim	genuine_result	G	Strong	zero-incident metric, achieved
Unilever	57	In addition, there have been no deferred prosecution agreements or other significant enforcement activities involving Unilever Group companies in 2025 that required us to take actions to address breaches in procedures and standards of anti-corruption and anti-bribery.	G	Vague	No	Vague	claim	genuine_result	G	Strong	zero enforcement actions, achieved
Unilever	57	All Unilever Executive and Non-Executive Directors have confirmed that they have not made any political contributions on behalf of Unilever in 2025, and we do not have any reported cases of breaches with the Political Activities & Political Donations Code Policy.	G	Vague	No	Vague	claim	genuine_result	G	Strong	zero contributions and breaches, verifiable
Unilever	58	Unilever’s main positions are that governments should raise national climate ambition, scale up renewable energy and non-fossil chemical feedstocks, and phase out fossil fuels, including fossil fuel subsidies.	E	Future Promise	No	Unsubstantiated	non_claim	advocacy_opinion	E	NA	position on what governments should do
Unilever	58	■Product regulations and claims: composition and sourcing transparency ■Increased activism, legal or non- compliance costs resulting from biodiversity degradation and loss Plastic pollution Unilever supports public policy that aligns with our approach to reducing packaging waste and creating a circular economy.	E	Future Promise	No	Unsubstantiated	non_claim	advocacy_opinion	E	NA	table fragments plus policy-support statement
Unilever	58	Unilever also supports the introduction of packaging design rules and recycled content targets that will help increase recycling rates.	E	Future Promise	No	Unsubstantiated	non_claim	advocacy_opinion	E	NA	supports external policy, not own conduct
Unilever	58	Unilever strongly advocated for a legally binding UN treaty to end plastic pollution, which would help harmonise regulatory standards and policies across markets through global rules and mandatory targets.	E	Future Promise	No	Unsubstantiated	non_claim	advocacy_opinion	E	NA	reports own advocacy, no outcome
Unilever	58	We aim to have less complex regulations that promote ‘safe by design’ innovation and the highest standards of human health and environmental protection.	E	Future Promise	No	Unsubstantiated	non_claim	advocacy_opinion	E	NA	aspiration about regulation, not own conduct
